ID,p_np,SMILES
886,0,CO[C@@H]1[C@@H](OC(N)=O)[C@@H](O)[C@H](Oc2ccc3C(=O)C(=C(O)Oc3c2C)NC(=O)c4ccc(O)c(CC=C(C)C)c4)OC1(C)C
1649,1,C1=C(Cl)C=CC2=C1C(=NCC(=N2)NOCC=C)C3=CC=CC=C3Cl
1232,1,C1=CC=CC=C1C2C(NC(=O)CO2)C
548,1,c1(ccccc1)[C@H](CN1CCCC1)N(C(=O)Cc1ccc(c(c1)Cl)Cl)C
1600,1,C1=CC(=C4C2=C1CC5C3C2(C(C(=CC3)OC(C)=O)O4)CCN5C)OC
270,1,CCCN(CCC)CCc1ccc(c2c1CC(N2)=C)O
1355,1,[H+].C1=C(OCC(=O)NCCN(CC)CC)C=CC(=C1)OC.[Cl-]
1858,1,NC(=N)NCCCOc1ccccc1
1052,1,C1=C(C(=C(C=C1Br)C)O)C(N)=O
1512,1,Oc5ccc4CC2C1CCOCC1(CCN2CC3CC3)c4c5
242,0,[Br-].C[N+]1(C)CCC(C1)OC(=O)C(O)(C2CCCC2)c3ccccc3
1221,1,[C@H]1(NC(=O)CC1)C(=O)N2CCCCC2
710,1,Clc1ccc2NC(=O)CC(=O)N(c3ccccc3)c2c1
723,1,COc1ccc2C[C@H]3[C@H]4CCCC[C@@]4(CCN3C)c2c1
729,0,CC[C@@]1(O)C[C@H](OC2CC(C(OC3CC(O)C(OC4CCC(=O)C(C)O4)C(C)O3)C(C)O2)N(C)C)c5c(O)c6C(=O)c7c(O)cccc7C(=O)c6cc5[C@H]1C(=O)OC
1119,1,[C@]34([C@H](C2[C@@](F)([C@@]1(C(=CC(=O)C=C1)[C@@H](F)C2)C)[C@@H](O)C3)C[C@H]([C@]4(OC(=O)CC)C(SCCl)=O)C)C
1372,1,C1=C(Cl)C=CC3=C1N(C2=C(C=CC=C2)S3)CCCN5CCN(CCOC(C4=CC(=C(OC)C(=C4)OC)OC)=O)CC5
728,0,CC[C@@H](CO)NCCN[C@@H](CC)CO
761,0,NC(C(=O)N[C@H]1[C@H]2SCC(=C(N2C1=O)C(O)=O)CSc3cn[nH]n3)c4ccc(O)cc4
2004,1,C1=C(Cl)C=CC2=C1C(=NCC(=S)N2C)C3=CC=CC=C3
1246,1,[C@H]23[C@@]([C@@]1(C(=CC(=O)CC1)CC2)C)([C@H](C[C@]4([C@H]3CC[C@@]4(C(COC(C)=O)=O)O)C)O)F
2048,1,[N+](=[N-])=O
1922,1,C1=CN=C(C(=N1)N2CCCCC2)C
1234,1,C1=CC=CC=C1C2C(N=C(O2)NCC)=O
783,0,CC(=O)OCC1=C(N2[C@H](SC1)[C@H](NC(=O)c3c(C)onc3c4ccccc4Cl)C2=O)C(O)=O
1073,1,C1=C(C=CC3=C1N(CCCN2CCN(CC2)CCO)C4=C(S3)C=CC=C4)C(CC)=O
1112,1,C1=CC=CC4=C1C(N(CCCN3CCN(C2=CC(=CC=C2)Cl)CC3)C(N4)=O)=O
809,0,COC(C(=O)N[C@H]1[C@H]2SC(C)(C)[C@@H](N2C1=O)C(O)=O)c3ccc(Cl)c(Cl)c3
1037,1,[C@@H]4(C1=C2C(=CC(=C1)Br)CCO2)C3=C(C=C(Cl)C(=C3)O)CCN(C4)C
1100,1,C1=C(C(=CC(=C1Cl)N)OC)C(NC3CCN(CC2=CC=CC=C2)CC3)=O
14,1,C1N(C(CC2CCCCC12)C(NC(C)(C)C)=O)CC(C(Cc1ccccc1)NC(C(NC(c1nc2c(cccc2)cc1)=O)CC(N)=O)=O)O
1021,1,CN(CCc2cc3cccc4CCc1ccccc1n2c34)Cc5ccccc5
932,0,CC1(C)S[C@@H]2[C@H](NC(=O)[C@H](N)c3ccccc3)C(=O)N2[C@H]1C(=O)OC4OC(=O)c5ccccc45
220,1,CCCCCc1cc(O)c2[C@@H]3C=C(C)CC[C@H]3C(C)(C)Oc2c1
452,1,[Cl-].NC12CC3CC(CC(C3)C1)C2.[H+]
1189,1,C1=CC(=CC3=C1\C(C2=CC=CC=C2N3)=C/CN(CC)CC)Cl
263,0,N[S](=O)(=O)c1cc2c(NCN[S]2(=O)=O)cc1Cl
1608,1,C1=CC(=CC2=C1C(C3=C(N(C)[S]2(=O)=O)C=CC=C3)NCCCCCCC(O)=O)Cl
1817,1,[C@H]23C([C@@]1(OC(O[C@@H]1C2)(C)C)C(=O)CO)(C[C@H](O)[C@@]4(F)C3CCC5C4(CCC(=O)C5)C)C
874,0,COCC(=O)O[C@]1(CCN(C)CCCc2[nH]c3ccccc3n2)CCc4cc(F)ccc4[C@@H]1C(C)C
240,0,N[S](=O)(=O)c1cc(C(O)=O)c(NCc2occc2)cc1Cl
888,0,CC1(C)NC(C(=O)[NH+]1[C@H]2[C@H]3SC(C)(C)[C@@H](N3C2=O)C(O)=O)c4ccc(O)cc4
251,1,CCCC(CCC)C(O)=O
152,0,N[S](=O)(=O)c1cc2c(NC=N[S]2(=O)=O)cc1Cl
1085,1,C(Cl)(Cl)Cl
1156,1,[C@@H]3(C1=CC=CC=C1)CN2CCSC2=N3
480,1,CN1C2CCC1CC(C2)OC(c3ccccc3)c4ccccc4.O[S](O)(=O)=O
119,0,COc1cc(cc(OC)c1O)[C@H]2[C@@H]3C(COC3=O)[C@H](O[C@@H]4O[C@@H]5CO[C@@H](C)O[C@H]5[C@H](O)[C@H]4O)c6cc7OCOc7cc26
2024,1,[C@H]2(C1=CC(=C(OC)C=C1CCN(C2)C)OC)C3=CC=CC=C3
1010,1,C1=CC=CC(=C1C(NC2=C(C=C(N(CC)CC)C=C2)C)=O)N
2045,1,C2=C(\C(C1=CC=CN=C1)=C\CN(C)C)C=CC(=C2)Br
1459,1,CN1CCN(CC1)C3=Nc2ccccc2Sc4nccn34
358,0,Oc1ccc(cc1)C2(OC(=O)c3ccccc23)c4ccc(O)cc4
338,1,c1c2c(cc(c1)Cl)[C@@H]1[C@H](c3ccccc3O2)CNC1
115,1,CN1CCCC(C1)CN2c3ccccc3Sc4ccccc24
1341,1,[C@@]123OC4=C(C(C1CN(CC2)C)CC(=O)N3)C=C(Cl)C=C4
1580,1,C1=CC=CC2=C1C(N(CC[S](NC(C)C)(=O)=O)C2=O)=O
391,1,Nc1ncnc2n(cnc12)C3OC(CO)C(O)C3O
561,1,CN(C)CCO
464,1,CN1C=CC(=O)C(=C1C)O
840,0,CC1(C)S[C@@H]2[C@H](NC(=O)[C@@H](N=Cc3occc3)c4ccc(O)cc4)C(=O)N2[C@H]1C(O)=O
1094,1,C1=CC(=CC=C1N2CC(COC)OC2=O)OCC3=CC(=CC=C3)C#N
1471,1,C1=CC=CC=C1C3(C2=CC=CC=C2)NC(=O)NC3=O
1498,1,[H+].C3=C(C(=C1CCN(C1)CC)C2=CC=CC=C2)C=CC=C3.[Cl-]
948,0,[Cl-].COc1cccc2C(=O)c3c(O)c4C[C@](O)(C[C@H](O[C@H]5C[C@H](N)[C@H](O)[C@H](C)O5)c4c(O)c3C(=O)c12)/C(C)=N/NC(=O)c6ccccc6.[H+]
1196,1,C3=C(C2=CC=C(N1CCC(O)CC1)N=N2)C(=CC(=C3)Cl)Cl
563,1,ClC=C(Cl)Cl
123,1,NCC1(CCCCC1)CC(O)=O
1215,1,C1=C(C=CC=C1N3CCN(CCCN2C(N(C(=N2)CC)CC)=O)CC3)Cl
2007,1,C1=CC=CC3=C1C(N(C2C(NCCC2)=O)[S]3(=O)=O)=O
94,1,Cc1ncsc1CCCl
768,0,Nc1scc(n1)\C(=N\O)C(=O)N[C@H]2[C@H]3SCC(=C(N3C2=O)C(O)=O)C=C
1029,1,C(C1(CC(NC(C1)=O)=O)C)C
246,1,OC(CCN1CCCCC1)(C2CCCCC2)c3ccccc3
429,0,CC(C)[C@@H]1NC(=O)[C@H](C)OC(=O)C(NC(=O)[C@H](OC(=O)[C@@H](NC(=O)[C@H](C)OC(=O)[C@H](NC(=O)[C@H](OC(=O)[C@@H](NC(=O)[C@H](C)OC(=O)[C@H](NC(=O)[C@H](OC1=O)C(C)C)C(C)C)C(C)C)C(C)C)C(C)C)C(C)C)C(C)C)C(C)C
1733,1,C(OC(NC(C(Cl)(Cl)Cl)O)=O)C
815,0,CCOC(OCC)C(=O)OCC(=O)C1(O)CC(OC2CC(N)C(O)C(C)O2)c3c(O)c4C(=O)c5c(OC)cccc5C(=O)c4c(O)c3C1
1384,1,CN1CC(=CCC1)\C=N\OC
679,1,CCN(CC)CC(=O)Nc1c(C)cccc1C
960,1,C1=NC(=NC(=C1CN(C(=C(\CCOC(C)=O)SC(C)=O)/C)C=O)N)C
1017,1,C3=C(C(O)(C1=CC=CC=C1)C2CCNCC2)C=CC=C3
1939,1,C1=C3C(=CC=C1)N=C2SC(=CC2=C(N3)N4CCN(CC4)C)C
1441,1,C(N1CC(O)CC1=O)C(N)=O
450,1,CC(=O)Nc1sc(nn1)[S](N)(=O)=O
1401,1,[C@]14([C@H]([C@H]3[C@](F)([C@@H](O)C1)[C@@]2(C(=CC(=O)C=C2)CC3)C)C[C@@H]6[C@]4(CC5=CC=CC=C5C6)C(=O)CO)C.O
688,1,c1(c(cc2n(ncc2c1)CCN)Cl)Cl
704,1,NCC[C@H](O)C(=O)N[C@@H]1C[C@H](N)[C@@H](O[C@H]2O[C@H](CN)[C@@H](O)[C@H](O)[C@H]2O)[C@H](O)[C@H]1O[C@H]3O[C@H](CO)[C@@H](O)[C@H](N)[C@H]3O
137,1,CCCN1C[C@H](CSC)C[C@H]2[C@H]1Cc3c[nH]c4cccc2c34
1610,1,C2=C(OCC1OC(NCC1)=S)C=CC=C2
88,1,CO/N=C(C(=O)N[C@H]1[C@H]2SCC(=C(N2C1=O)C(O)=O)CSC3=NC(=O)C(=O)NN3C)/c4csc(N)n4
1067,1,C(C1(C(NC(=O)NC1=O)=O)CCCC)COC(N)=O
594,0,CC(C)Nc1cccnc1N2CCN(CC2)C(=O)c3[nH]c4ccc(N[S](C)(=O)=O)cc4c3
1259,1,C1=CC=CC=C1N2C5(C(NC2)=O)CCN(CCCC(C3=CC=C(C=C3)F)C4=CC=C(C=C4)F)CC5
7,1,CN(C)[C@H]1[C@@H]2C[C@H]3C(=C(O)c4c(O)cccc4[C@@]3(C)O)C(=O)[C@]2(O)C(=O)\C(=C(/O)NCN5CCCC5)C1=O
371,0,CN(N=O)C(=O)N[C@H]1[C@@H](O)O[C@H](CO)[C@@H](O)[C@@H]1O
602,0,c1(ccc(c(c1)Cl)Cl)CC(N1[C@H](C[C@]2(CC1)NC(NC2=O)=O)CN1CCCC1)=O
598,0,CN1CCN(CC1)c2c(F)cc3C(=O)C(=CN4CCSc2c34)C(O)=O
1736,1,C1=CC=CC4=C1N(CCCN3CCC(N2CCCCC2)(CC3)C(N)=O)C5=C(CC4)C=CC=C5
1876,1,C1=CC=CC=C1C(C2=CC=CC=C2)(C(CN(C)C)C)C(CC)=O
2019,1,CSC(=O)C3(O)C(C)CC4C2CCC1=CC(=O)C=CC1(C)C2(F)C(O)CC34C
509,1,Cn1cnc2NC(=O)N(C)C(=O)c12
1089,1,C1=C(SC2=C1C(=NCC3=NN=C([N]23)C4CCCCC4)C5=CC=CC=C5Cl)Br
1722,1,C2=C(C(OCCN(C)C)C1=CC=CC=C1)C=CC(=C2)Br
1023,1,C1=CC=CC=C1CC2=NC3=C([N]2CCN(CCO)CC)C(N(C)C(N3C)=O)=O
702,1,COC(=O)C(C1CCCCN1)c2ccccc2
1825,1,C1=C(Cl)C=CC2=C1C(=NC(C(=O)N2)C(OCC)=O)C3=CC=CC=C3F
84,1,Cc1ncc(n1CC(O)CCl)[N+]([O-])=O
1754,1,C1=C(C=CC=C1Br)\C=C\C(NCC)=O
1696,1,C3=C(N2CCN(CCCC(C1=CC=C(F)C=C1)O)CC2)C(=CC=C3)OC
113,1,COc1ccc2C[C@H]3N(C)CC[C@@]45[C@@H](Oc1c24)C(=O)CC[C@@]35O
1727,1,C2=C(C(C1=CC=CC=C1)OCCN(C)C)C(=CC=C2)C(C)(C)C
445,0,c1cn(CCCCO)c(CC)c(O)c1=O
218,1,CN1C(=O)C(O)N=C(c2ccccc2)c3cc(Cl)ccc13
1564,1,C(C1=NC2=C([N]1C)C(N(C)C(N2C)=O)=O)CCN3CCN(C(N(CC)CC)=O)CC3
1586,1,C1=CC=CC2=C1C3=C([N]2CC)C(SCC3)(CCN(C)C)C
716,1,CN1CCC(=CC1)c2ccccc2
1767,1,C1=C(Cl)C=CC2=C1C(=NC3=C(S2)C=CC=C3)N4CCN(CC4)C
19,1,COc1ccc(Cl)cc1C(=O)NCCc2ccc(cc2)[S](=O)(=O)NC(=O)NC3CCCCC3
666,1,OC(=O)C1=CC(=O)c2ccccc2N1
486,1,COC(F)(F)C(Cl)Cl
1613,1,C1=CC=CC4=C1N(C3CCN(CCCC(C2=CC=C(F)C=C2)=O)CC3)C(N4)=S
1830,1,O=C2\C(=C1\OC=NN1)C=CC=C2
3,1,c12c3c(N4CCN(C)CC4)c(F)cc1c(c(C(O)=O)cn2C(C)CO3)=O
653,1,[NH]C(CC(C)C([N@@](C(C)(C)C)C(N)(C)N)(C)C)c1c(c(c[nH+][o+]1)C)[O-]
1030,1,C2=C(CN(C(=C(SC(=O)C1=CC=CC=C1)/CCO[P](=O)(O)O)/C)C=O)C(=NC(=N2)C)N
451,1,C=CCC1(CC=C)C(=O)NC(=O)NC1=O
1962,1,C1=CC=CC=C1CC(NN)C
823,0,CC[C@H]1OC(=O)[C@H](C)[C@@H](O[C@H]2C[C@@](C)(OC)[C@@H](O)[C@H](C)O2)[C@H](C)[C@@H](O[C@@H]3O[C@H](C)C[C@@H]([C@H]3O)N(C)C)[C@](C)(O)C[C@@H](C)[C@@H]4N[C@@H](COCCOC)O[C@H]([C@H]4C)[C@]1(C)O
500,1,CC(NC(C)(C)C)C(=O)c1cccc(Cl)c1
494,1,c1(cc(c(cc1)Cl)Cl)CC(N1[C@@H](CN2CCCC2)CN(CC1)C(=O)C)=O
1426,1,C(C(F)(F)F)F
1893,1,C2=C(OC(OC1=CC=CC=C1)CN(C)C)C=CC=C2
858,0,CNCC[C@@H](O)[C@@H]1C[C@@H](CN1)SC2=C(N3[C@H]([C@H]2C)[C@@H]([C@@H](C)O)C3=O)C(O)=O
1163,1,[C@]23([C@@H]1[C@@H](C(=CO[C@H]1OC(=O)CC(C)C)COC(=O)CC(C)C)C[C@@H]2OC(=O)C)OC3
59,1,n(ccc1)c(c1)CCNC
1097,1,C1=C(Cl)C=CC(=C1C(C2=C(C=CC=C2)Cl)=O)N(C(CNC3CC3)=O)C
1249,1,[C@@]45([C@@]3([C@H]([C@H]2[C@]([C@@]1(C(=CC(=O)C=C1)[C@H](C2)F)C)(F)[C@H](C3)O)C[C@H]4OC(O5)(C)C)C)C(COC(C)=O)=O
1664,1,C1=C(C(F)(F)F)C=CC=C1C2=CCN(CC2)CCC4=CC3=CC=CC=C3C=C4
235,0,C[C@]12CC[C@H]3[C@@H](CCc4cc(O)ccc34)[C@@H]1CC[C@@]2(O)C#C
1556,1,C1=CC=CC(=C1N2CCN(C)CC2)CC3=CC=CC=C3
373,1,S=[P](N1CC1)(N2CC2)N3CC3
1336,1,C3=C(C1=NC(C(=O)NC2=C1N=C(Cl)C=C2)O)C(=CC=C3)Cl
158,0,Clc1ccccc1C(n2ccnc2)(c3ccccc3)c4ccccc4
1175,1,[C@]235[C@@]67[C@H](N(CC1CC1)CC2)CC4=C3C(=C(C=C4)O)O[C@H]5[C@](OC)([C@H](C6)C(C)(C)O)CC7
324,1,Cc1noc(N[S](=O)(=O)c2ccc(N)cc2)c1C
504,1,CCCCCc1cc(O)c(C2C=C(C)CC[C@H]2C(C)=C)c(O)c1
1014,1,C1=CC(=CC5=C1N(C4CCN(CC3OC2=C(C=CC=C2)OC3)CC4)C(N5)=O)Cl
1759,1,C1=C(Cl)C=CC4=C1C3C2=CC=CC=C2CCN3CC(=O)N4C
884,0,CCOC(=O)C1=C(C)NC(=C(C1c2cccc(c2)[N+]([O-])=O)C(=O)OC)C
755,0,NC(=O)OCC1[C@H](NC(=O)C(=N/OCC(O)=O)\c2csc(N)n2)C(=O)N1[S](O)(=O)=O
786,0,O.C/C=C/C1=C(N2[C@H](SC1)[C@H](NC(=O)[C@H](N)c3ccc(O)cc3)C2=O)C(O)=O
1651,1,NC(=O)OCC
1684,1,C1=CC=CC3=C1N(C2=C(C=CC=C2)S3)CC(CN(C)C)C
523,1,CCC(=O)c1ccc2Sc3ccccc3N(CCCN4CCN(CCO)CC4)c2c1
1881,1,[C@H](CC1=CC(=C(C=C1)O)O)(C(O)=O)N
1628,1,C1=C(C=CC=C1N3CCN(CCC2=N[NH]C(=C2)C)CC3)C
1408,1,[H+].C4=C(N3CCN(CCCN1N=C(N(C1=O)CCOC2=CC=CC=C2)CC)CC3)C=CC=C4Cl.[Cl-]
1445,1,C4=C3C(N(C1=CC=C2C(=N1)N=C(Cl)C=C2)C(=O)C3=CC=C4)CC(CCC(C)C)=O
473,1,CN1CCc2cccc3c2[C@H]1Cc4ccc(O)c(O)c34
1777,1,C1=CC=C3C(=C1OCC2CNCCO2)N(CCC3)C
255,0,OC(COc1ccc2OC(=CC(=O)c2c1)C(O)=O)COc3cccc4OC(=CC(=O)c34)C(O)=O
1025,1,C1=CC=CC3=C1N=C([N]2C(=NC(=N2)C)C3)N4CCN(C)CC4
1832,1,C1=C(Cl)C=CC2=C1C(=NCCN2CC(F)(F)F)C3=CC=CC=C3F
1850,1,[C@@]4(OC(=O)CCCC)(C3(C(C2C(C1(C(=CC(=O)C=C1)C(F)C2)C)C(O)C3)CC4)C)C(=O)CO
1675,1,C1=CC(=CN=C1N2C(C3=C(C2=O)N=CC=N3)OC(N4CCN(C)CC4)=O)Cl
1650,1,C4=C(N3CCN(CCCCN1C(C2C(C(C1=O)C(=O)N(C2=O)CCCC)(C)C)=O)CC3)C(=CC=C4)OC
1208,1,C=C
148,0,Cc1onc(c2ccccc2)c1C(=O)N[C@H]3[C@H]4SC(C)(C)[C@@H](N4C3=O)C(O)=O
1088,1,[C@@]45([C@@]3([C@H]([C@H]2[C@@H]([C@@]1(C(=CC(=O)C=C1)CC2)C)[C@H](C3)O)C[C@H]4O[C@H](O5)C6CCCCC6)C)C(COC(C(C)C)=O)=O
469,0,c1cn(CCCO)c(C)c(O)c1=O
1164,1,C2=C(C1(C(N(C(=O)N(C1=O)CC(COCCCC)OC(N)=O)CC(COCCCC)OC(N)=O)=O)CC)C=CC=C2
1370,1,[C@@]4([C@@]3([C@H]([C@H]2[C@@H]([C@@]1(C(=CC(=O)C=C1)[C@H](C2)C)C)[C@H](C3)O)CC4)C)(C(COC(C)=O)=O)OC(CC)=O
846,0,CC1CN(CCN1)c2cc3N(C=C(C(O)=O)C(=O)c3c(C)c2F)C4CC4
29,1,FC(F)(F)c1c(Cl)nc(N2CCNCC2)cc1
677,1,Fc1ccc(cc1)C(=O)CCCN2CCC(CC2)C(=O)c3ccc(F)cc3
974,1,CC14C5(C(CC1C3C(C2(C(=CC(=O)CC2)CC3)C)CC4)OC(O5)(C)C)C(C)=O
527,1,CN=C1CN(O)C(=C2C=C(Cl)C=CC2=N1)c3ccccc3
1380,1,CSC2=C(N1CCN(C)CC1)N=C(NC)N=C2Cl
849,0,CC(Cc1ccccc1)NO
789,0,CC1=C(N2[C@H](SC1)[C@H](NC(=O)[C@H](N)c3cccc(N[S](C)(=O)=O)c3)C2=O)C(O)=O
777,0,CO[C@]1(NC(=O)CSC[C@@H](N)C(O)=O)[C@H]2SCC(=C(N2C1=O)C(O)=O)CSc3nnnn3C
839,0,C[C@@H](O)[C@@H]1[C@H]2SC(=C(N2C1=O)C(O)=O)[C@H]3CCCO3
784,0,Cn1nnnc1SCC2=C(N3[C@H](SC2)C(NC(=O)[C@H](NC(=O)C4=CNC(=CC4=O)C)c5ccc(O)cc5)C3=O)C(O)=O
1178,1,[C@]4([C@@]3([C@H]([C@H]2[C@@H]([C@@]1(C(=CC(=O)C=C1)CC2)C)[C@H](C3)O)CCC4)C)(OC(CCC)=O)C(C)=O
1656,1,[C@@]13([C@@H]2C(=C[C@@H]1OC(CC(C)C)=O)C(=CO[C@H]2OC(CC(C)C)=O)COC(C)=O)CO3
957,1,C1=CC=CC=C1C3(CCN(CCCC(C2=CC=C(F)C=C2)=O)CC3)CNC(C)=O
562,1,[H+].[Cl-].CCOC(=O)C1(CCN(C)CC1)c2ccccc2
1624,1,[C@@H]23[C@H]([C@H]1[C@]([C@](C(CSC(C(C)(C)C)=O)=O)(O)CC1)(C)C[C@@H]2O)CCC4=CC(=O)CC[C@]34C
400,0,C[C@]1(O)CC[C@H]2[C@@H]3CC[C@H]4Cc5[nH]ncc5C[C@]4(C)[C@H]3CC[C@]12C
284,0,N[C@@H](Cc1ccc(O)c(O)c1)C(O)=O
467,1,CCCCCN1C=CC(=O)C(=C1C)O
1562,1,C1=CC=CC=C1N2C4(C(NC2)=O)CCN(CC\C=C(C3=CC=C(F)C=C3)\C)CC4
517,0,c1(CC(N2[C@H](CN(CC2)C(=O)C)C[N@]2CC[C@H](C2)O)=O)ccc(C(F)(F)F)cc1
648,0,n1c(csc1\[NH]=C(\N)N)c1cccc(c1)N
1457,1,[C@]135[C@@]4([C@@H](CC2=C1C(=C(C=C2)O)O[C@H]3C(=O)C=C4)N(C)CC5)NCCCCC
359,0,CC(COc1ccccc1)N(CCCl)Cc2ccccc2
144,1,NC(=O)OCCCc1ccccc1
1523,1,C1=CC=CC=C1C(CC2=CC=CC=C2)(NC(CN)=O)C
612,1,CCc1ccccc1N2C(=Nc3ccccc3C2=O)C
982,1,C1=C(C(=CC=C1Cl)N(C(CN(C(CC#N)C)C)=O)C)C(C2=C(C=CC=C2)F)=O
949,1,ClC(C(F)(F)Cl)(F)F
1480,1,C1=C([S](N(C)C)(=O)=O)C=CC3=C1N(C2=C(C=CC=C2)S3)CCCN4CCC(CCOC(CCCCCCCCCCCCCCC)=O)CC4
305,0,C1CN2CCC1C(C2)CN3c4ccccc4Sc5ccccc35
1126,1,[C@H]37[C@H]2[C@@]([C@](C(COC(C1=CC(=CC=C1)[S](O)(=O)=O)=O)=O)(O)[C@@H](C2)C)(C[C@@H]([C@@H]3[C@@]4(C(=CC5=C(C4)C=N[N]5C6=CC=CC=C6)C(=C7)C)C)O)C
312,1,CC(C)c1onc(n1)c2ncn3c2CN(C)C(=O)c4c(Cl)cccc34
1329,1,C1=CC=CC2=C1C(C(N2C3=CC=CC=C3)=O)(CC4=CC=NC=C4)CC5=CC=NC=C5
643,1,Cc1nccc2c1[nH]c3ccccc23
1790,1,C1=CC=CC2=C1N(C3=C(C=C2)C=CC=C3)CCCN(C)C
1242,1,CCOC(=O)N(CCN(C)C)c1cccc(c1)C(F)(F)F
799,0,COCCCC(=O)OC(C)OC(=O)C1=C(COC(N)=O)CS[C@@H]2[C@H](NC(=O)C(=N/OC)\c3occc3)C(=O)N12
1177,1,C1=CC=CC2=C1C3(C4=C(CC2N3)C=CC=C4)C
1183,1,C1=CC=C3C(=C1OC(C2=CC=CS2)CCNC)C=CC=C3
1741,1,[C@H]24[C@H]1[C@@]([C@](C(COC(C)=O)=O)(O)CC1)(CC([C@@H]2[C@@]3(C(=CC(=O)C=C3)[C@H](C4)Cl)C)=O)C
1070,1,O=C(C4N(C12CC3CC(C1)CC(C2)C3)CC4)O
1344,1,CCOC(=O)OC3(CCC4C2CCC1=CC(=O)C=CC1(C)C2C(O)CC34C)C(=O)OCCl
845,0,CC(C)CC1C(=O)NC(C(=O)N2CCCC2C(=O)NC(C(=O)NC(C(=O)NC(C(=O)NC(C(=O)N3CCCC3C(=O)NC(C(=O)NC(C(=O)N1)CCCN)C(C)C)CC4=CC=CC=C4)CC(C)C)CCCN)C(C)C)CC5=CC=CC=C5
110,1,OC(=O)CCC(O)=O.FC(F)(F)c1ccc2Sc3ccccc3N(CCCN4CCN(CCC5OCCCO5)CC4)c2c1
386,1,OCc1ncc2CN=C(c3ccccc3F)c4cc(Cl)ccc4n12
1504,1,C(C1OC(C(C)C)(C(C)C)OC1)O
111,1,OC1N=C(c2ccccc2)c3cc(Cl)ccc3NC1=O
1631,1,[C@]1([C@]2(C3=C(C[C@@H]1N(CC2)C)C=CC(=C3)O)C)(CCC(=O)CCCCC)C
703,1,CCC1(CC)C(=O)NCC(C)C1=O
1491,1,[C@@]4([C@@]3([C@H]([C@H]2[C@@H]([C@@]1(C(=CC(=O)C=C1)CC2)C)[C@H](C3)O)CC4)C)(C(COC(CC)=O)=O)OC(OCC)=O
1745,1,C1=C2C(=CC=C1)OC(CCCl)NC2=O
1967,1,C1=C([S](N(C)C)(=O)=O)C=CC3=C1N(C2=C(C=CC=C2)S3)CCCN4CCC(CCO)CC4
343,0,CNC(/NCCSCc1oc(CN(C)C)cc1)=C\[N+]([O-])=O
1129,1,C1=CC=CC2=C1C(C3=C(CC2)C=CC=C3)=CC(CN(C)C)=O
122,1,[Na+].[Na+].[Na+].[O-]C(=O)[P]([O-])([O-])=O
1990,1,C1=CC=CC4=C1C(N(CCCN3CCN(C2=NC=CC=N2)CC3)[S]4(=O)=O)=O
1630,1,C1=C(Cl)C=CC2=C1C(=NCC(N2CC[S](C3=CC=C(C)C=C3)(=O)=O)=O)C4=CC=CC=C4Cl
641,1,OC1(CCN(CCCC(=O)c2ccc(F)cc2)CC1)c3ccc(Cl)cc3
1381,1,C1=C(C=CC(=C1Cl)COC(C[N]2C=NC=C2)C3=C(C=C(C=C3)Cl)Cl)Cl
69,1,N1(Cc2cc(OCCCNc3nccs3)ccc2)CCCCC1
1525,1,CCC(=O)C1(O)CCC2C3CCC4=CC(=O)CCC4(C)C3C(O)CC21C
947,0,Oc1ccc(cc1)/C=C([N+]#[C-])/C(=C/c2ccc(O)cc2)[N+]#[C-]
1057,1,[C@]1(O)(C[C@@H]4N(CC1)C[C@@H]2C5=C(CCC3=CC=CC=C23)C=CC=C45)C(C)(C)C.[H+].[Cl-]
146,0,NCC(O)c1ccc(O)c(O)c1
1490,1,C1=CC=CC=C1C3(CC2CCCCN2)C(NC(=O)NC3=O)=O
143,1,CCC1(C(=O)NC(=O)NC1=O)c2ccccc2
850,0,CNC(C)C(O)c1ccc(O)cc1
1743,1,C1=CC(=CC=C1OCC(COC(N)=O)O)Cl
1981,1,C1=C([S](N)(=O)=O)C=CC(=C1C(NCC2N(CCC2)CCC)=O)OC
804,0,CC(=O)OCC1=C(N2[C@H](SC1)[C@H](NC(=O)Cc3sccc3)C2=O)C(O)=O
1464,1,C1=CC=CC=C1CC(NC(N)=O)=O
623,1,c1ccc2Oc3c(cc(cc3)Cl)[C@@H]3[C@@H](c2c1)CNCC3
241,0,NC1=NC(=O)c2ncn(COC(CO)CO)c2N1
92,1,c12c3c(C(NC(C)=O)CCc2cc(c(c1OC)OC)OC)cc(=O)c(cc3)OC
931,0,CO[C@@H]1C[C@@H](CC[C@H]1O)/C=C(C)/[C@H]2OC(=O)[C@@H]3CCCCN3C(=O)C(=O)[C@]4(O)O[C@H]([C@H](C[C@@H](C)CC(=C/[C@@H](CC=C)C(=O)C[C@H](O)[C@H]2C)/C)OC)[C@H](C[C@H]4C)OC
559,1,CC1C2Cc3ccc(O)cc3C1(C)CCN2CC4CC4
879,0,CO[C@]1(NC(=O)C(C(O)=O)c2ccc(O)cc2)[C@H]3OCC(=C(N3C1=O)C(O)=O)CSc4nnnn4C
1950,1,C1=C(NC(CC)=O)C=CC(=C1)O
149,1,OC[C@H]1O[C@H](C[C@@H]1O)n2cnc3[C@H](O)CN=CNc23
1213,1,[C@@H]34C1=CC=CC2=C1C(=C[NH]2)C[C@H]3N(C[C@H](C4)N[S](N(CC)CC)(=O)=O)C
1971,1,C1=CC=CC2=C1N(C3=C(CC2)C=CC=C3)CCCN(C)C
363,1,CN1CC[C@]2(C)[C@H]1N(C)c3ccc(OC(=O)Nc4ccccc4)cc23
751,0,CC(C)(C)NCC(O)c1ccc(O)c(NC(N)=O)c1
1305,1,C1=C(Cl)C=CC2=C1C(=NCC(N2CCOCC3CC3)=O)C4=CC=CC=C4
814,0,CN(C)[C@H]1[C@@H]2C[C@@H]3[C@H](O)c4cccc(O)c4C(=C3C(=O)[C@]2(O)C(=O)\C(=C(N)/O)C1=O)O
570,1,Cc1cccc(C)c1
1577,1,O=C3C1C(C2CCC1C2)C(=O)N3C4C(NC(=O)CC4)=O
492,0,CCN1C=C(C(O)=O)C(=O)c2cc(F)c(nc12)N3CCNCC3
1942,1,[C@@]12(C3=C(NC(CN1C[C@H](O2)C)=O)C=CC(=C3)Cl)C4=CC=CC=C4
1058,1,C1=C(C(CCC)=O)C=CC3=C1N(C2=C(C=CC=C2)S3)CCCN4CCN(C)CC4
1867,1,[C@]4([C@@]3([C@H]([C@H]2[C@@H]([C@@]1(C(=CC(=O)CC1)CC2)C)[C@H](C3)O)CC4)C)(OC(CCC)=O)C(CO)=O
929,0,CC1(C)S[C@@H]2[C@H](NC(=O)[C@H](N)c3ccccc3)C(=O)N2[C@H]1C(O)=O.CC4(C)[C@@H](N5[C@@H](CC5=O)[S]4(=O)=O)C(O)=O
1485,1,C1=CC=CC=C1C(C2=CC=CC=C2)(CCN4CCC(N3CCCCC3)(C(N)=O)CC4)C#N
928,0,C[C@@H](O)[C@@H]1[C@H]2SC(=C(N2C1=O)C(O)=O)SC3CC[S](=O)C3
1958,1,CC(=O)OC(C1CCCCN1)c2ccccc2
1001,1,C(C(C)(C)O)C
1011,1,C1=CC=CC=C1C(C(OC2CC3N(C)C(C2)CC3)=O)(CO)C
1020,1,C1=CC=CC2=C1[N]3C(=C2)CNCCC3
1326,1,C1=C(C=CC=C1C2(CCN(C)CC2)C(CC)=O)O
1635,1,[C@H]1([C@](O)(CCCC1)C2=CC(=CC=C2)OC)CN(C)C.[H+].[Cl-]
1863,1,C1=CC(=CC=C1C(N2CCN(C)CCC2)C3=CC=CC=C3)Cl
1133,1,C1=CC=CC2=C1C3=C([NH]2)CCC(C3)N(C)C
766,0,CC/C=C(C(=O)N[C@H]1[C@H]2SCC(=C(N2C1=O)C(O)=O)COC(N)=O)/c3csc(N)n3
385,1,OC(=O)\C=C/C(O)=O.OC(=O)\C=C/C(O)=O.C1CCN(CC1)Cc2cccc(OCCCNc3sc4ccccc4n3)c2
1102,1,[C@@]23(F)[C@H]([C@H]1[C@@]([C@@]([C@H](C1)C)(O)C(=O)CCl)(CC2=O)C)CCC4=CC(=O)C=C[C@]34C
1153,1,[C@H]23[C@@]([C@@]1(C(=CC(=O)C=C1)CC2)C)([C@H](C[C@]4([C@H]3C[C@@H](C)[C@@H]4C(CO)=O)C)O)F
1598,1,C1=CC=CC2=C1CC3(CC2)NC(=O)NC3=O
573,1,O[C@H]1C=C[C@H]2[C@H]3Cc4ccc(O)c5O[C@@H]1[C@]2(CCN3CC=C)c45
200,0,OC(=O)CCCCCCCC(O)=O
1972,1,[C@]34([C@H]([C@H]2[C@@H]([C@@]1(C(=CC(=O)C=C1)CC2)C)[C@H](C3)O)CC[C@@]4(C(COC(C)=O)=O)O)C
685,1,CCCC(C)(COC(N)=O)COC(N)=O
357,0,CN(C)CCC(c1ccccc1)c2ccccn2
717,1,Oc1ccc2C[C@H]3N(CC[C@@]45[C@@H](Oc1c24)C(=O)CC[C@@]35O)CC=C
124,0,[Na+].CCOc1ccc2ccccc2c1C(=O)N[C@H]3[C@H]4SC(C)(C)[C@@H](N4C3=O)C([O-])=O
1428,1,C1=CC(=C3C2=C1CC5C4C2(C(O3)C(O)C=C4)CCN5)O
114,1,CN1CC[C@]23[C@H]4Oc5c(O)ccc(C[C@@H]1[C@]2(O)CCC4=O)c35
1599,1,C1=CC=CC3=C1C(N(C2C(NC(=O)CC2)=O)C3=O)=O
1918,1,C1=C(OC)C(=CC2=C1C(=C(C)[NH]2)CCN4CCN(C3=CC=CC=C3OC)CC4)OC
862,0,O.N[C@@H](C(=O)NC1C2CCC(=C(N2C1=O)C(O)=O)Cl)c3ccccc3
861,0,CCCC1CC(N(C)C1)C(=O)NC(C(C)O)C2OC(SC)C(O)C(O)C2O
872,0,COc1cccc(OC)c1C(=O)N[C@H]2[C@H]3SC(C)(C)[C@@H](N3C2=O)C(O)=O
712,0,C[C@@H](CN1CC(=O)NC(=O)C1)N2CC(=O)NC(=O)C2
911,0,CCN(CC)c1sc2c3NC(=O)C(=C\C=C\[C@H](C)[C@H](O)[C@@H](C)[C@@H](O)[C@@H](C)[C@H](OC(C)=O)[C@H](C)[C@@H](OC)/C=C/O[C@@]4(C)Oc5c(C)c(O)c(c3O)c(c2n1)c5C4=O)/C
1218,1,C1=NC2=C([N]1CCC(COC(C)=O)COC(C)=O)N=C(N)N=C2
1364,1,C1=C(C(C(C)(C)O)(C)O)C=CC=C1Cl
1098,1,[C@]34([C@H](C2[C@@](F)([C@@]1(C(=CC(=O)C=C1)[C@@H](F)C2)C)[C@@H](O)C3)C[C@H]5OC(O[C@@]45C(=O)COC(=O)C6CC6)(C)C)C
127,0,COc1ccc(CCN2CCC(CC2)Nc3nc4ccccc4n3Cc5ccc(F)cc5)cc1
557,1,COC(=O)[C@H]1[C@H](CC2CCC1N2C)OC(=O)c3ccccc3
1999,1,NCCC(Oc1ccc(cc1)C(F)(F)F)c2ccccc2
554,1,[O-][N+](=O)c1ccc2NC(=O)CN=C(c3ccccc3Cl)c2c1
2043,1,C(OC1=NSN=C1C2=CCCN(C2)C)CCCCC
193,1,O=C1C=CNN=C1
1379,1,C1=C(Cl)C=CC3=C1C2(N(C(C)CO2)CC(=O)N3)C4=CC=CC=C4Cl
990,1,[C@H]12[C@@]([C@](OC(=O)CC)([C@H](C1)C)C(=O)COC)(C[C@H](O)[C@@]3(F)[C@H]2CCC4=CC(=O)C=C[C@]34C)C
650,0,n1c(csc1\[NH]=C(\N)N)c1cccc(c1)N\C(NC)=[NH]\C#N
1398,1,C1=C(C(C(CCCCC)C)C)C=C(C2=C1OC(C3=C2CC(C)CC3)(C)C)OC(CCCN4CCCCCC4)=O
374,0,CN[C@H](CC(C)C)C(=O)NC1[C@H](O)c2ccc(Oc3cc4cc(Oc5ccc(cc5Cl)[C@@H](O)[C@@H]6NC(=O)[C@H](NC(=O)[C@@H]4NC(=O)[C@H](CC(N)=O)NC1=O)c7ccc(O)c(c7)c8c(O)cc(O)cc8[C@@H](NC6=O)C(O)=O)c3O[C@@H]9O[C@H](CO)[C@@H](O)[C@H](O)[C@H]9O[C@H]%10C[C@](C)(N)[C@H](O)[C@H](C)O%10)c(Cl)c2
268,0,c12c(c(ccc1)Cl)C(N(Cc1n2cnc1c1nc(on1)[C@](CO)(C)O)C)=O
1904,1,C1=CC(=CC2=C1CC3C(C2(CCN3C)C)C)O
2027,1,[C@@]45([C@@]3([C@H]([C@H]2[C@]([C@@]1(C(=CC(=O)C=C1)CC2)C)(F)[C@H](C3)O)C[C@H]4OC(O5)(C)C)C)C(COC(CC(C)(C)C)=O)=O
339,1,c1c2c(ccc1)[C@@]1([C@@H](c3cccc(c3O2)C)CNCC1)O
1782,1,[C@](OC(=O)CC)([C@@H](CN(C)C)C)(CC1=CC=CC=C1)C2=CC=CC=C2.[H+].[Cl-]
1606,1,C1=CC=CC=C1C2OC(=NC2=O)N(C)C
1173,1,C(C1(OC(COC(N)=O)CO1)C)CCCCCCCC
1202,1,C1=C(C(C)=O)C=CC(=C1C(NCC2N(CCC2)CC)=O)OC
459,1,CN1C(=O)CN=C(c2ccccc2F)c3cc(ccc13)[N+]([O-])=O
1128,1,C1=CC=NC=C1C2N(C(=O)CC2)C
835,0,CC(C)(C(O)=O)c1ccc(cc1)C(O)CCCN2CCC(CC2)C(O)(c3ccccc3)c4ccccc4
740,0,CN[C@H]1[C@@H](O)[C@H]2O[C@@H](O[C@@H]3[C@@H](N)C[C@@H](N)[C@H](O)[C@H]3O)[C@H](N)C[C@@H]2O[C@@H]1O[C@H]4O[C@H](CO)[C@@H](N)[C@H](O)[C@H]4O
945,0,CC[C@]1(O)C[C@H]2CN(CCc3c([nH]c4ccccc34)[C@@](C2)(C(=O)OC)c5cc6c(cc5OC)N(C)[C@H]7[C@](O)([C@H](O)[C@]8(CC)C=CCN9CC[C@]67[C@H]89)C(N)=O)C1
720,1,Clc1ccc2NC(=O)CN=C(c3ccccc3)c2c1
2047,1,C3=C(C1=NCCN=C2N(NC(=C12)C)C)C=CC=C3Cl
978,1,[C@H]3(CN(C2=CC=C(OCC1=CC=CC(=C1)Cl)C=C2)C(O3)=O)CNC
507,1,CSc1ccc2Sc3ccccc3N(CCC4CCCNC4)c2c1
1349,1,C1=CC=CC=C1C(NN)C
904,0,CC1OC(=O)C(NC(=O)C2CC(=O)CCN2C(=O)C(Cc3ccc(cc3)N(C)C)N(C)C(=O)C4CCCN4C(=O)C(C)NC(=O)C1NC(=O)c5ncccc5O)c6ccccc6
914,0,CO[C@H]1/C=C/O[C@@]2(C)Oc3c(C)c(O)c4c(O)c(NC(=O)C(=C\C=C\[C@H](C)[C@H](O)[C@@H](C)[C@@H](O)[C@@H](C)[C@H](OC(C)=O)[C@@H]1C)/C)cc(O)c4c3C2=O
275,0,NCC1OC(OC2C(N)CC(N)C(OC3OC(CO)C(O)C(N)C3O)C2O)C(O)C(O)C1O
394,0,c12c(C(N(Cc3n1cnc3c1noc(n1)C(O)(C)C)C)=O)c(ccc2)Cl
709,0,CN(C)[C@H]1[C@@H]2C[C@@H]3[C@H](O)c4c(Cl)ccc(O)c4C(=C3C(=O)[C@]2(O)C(=O)\C(=C(N)/O)C1=O)O
169,1,OC(CCN1CCCC1)(C2CCCCC2)c3ccccc3
1373,1,C1=C([S](C)(=O)=O)C=CC3=C1N(C2=C(C=CC=C2)S3)CCCN4CCC(C(N)=O)CC4
1583,1,C1=C(C(=C(O)C(=N1)C)CNCC)CSC
894,0,CN(C)[C@H]1[C@@H]2C[C@H]3C(=C(O)c4c(O)cccc4[C@@]3(C)O)C(=O)[C@]2(O)C(=O)\C(=C(/O)NCNC(C(=O)NC5C6SC(C)(C)C(N6C5=O)C(O)=O)c7ccccc7)C1=O
1718,1,C(C1(C(NC(=O)NC1=O)=O)CC=C)C(=C)Br
870,0,CN(C)[C@H]1[C@@H]2[C@@H](O)[C@@H]3C(=C)c4cccc(O)c4C(=C3C(=O)[C@]2(O)C(=O)\C(=C(N)/O)C1=O)O
1496,1,[C@@H](CC(=O)O)(CC(C)C)CN
859,0,COc1cccc2C(=O)c3c(O)c4C[C@](O)(C[C@H](O[C@H]5C[C@H](NC(=O)[C@@H](N)CC(C)C)[C@H](O)[C@H](C)O5)c4c(O)c3C(=O)c12)C(=O)CO
2016,1,C1=CSC2=C1N(C3=C(C=C2)C=CC=C3)CCCN(C)C
1066,1,C1=CC(=CC=C1C(C2=CC=CC=C2)SCCN(C)C)SCCCC
727,0,CCOC(=O)[C@H](CCc1ccccc1)N[C@@H](C)C(=O)N2CCC[C@H]2C(O)=O
1956,1,C1=C(OC)C=CC3=C1N(C2=C(C=CC=C2)S3)CC(CN4CCC(O)CC4)C
536,1,OC(=O)CNC(=O)c1ccccc1O
186,0,C[C@H]1O[C@H](C[C@H](O)[C@@H]1O)O[C@H]2[C@@H](O)C[C@@H](O[C@@H]2C)O[C@H]3[C@@H](O)C[C@@H](O[C@@H]3C)O[C@H]4CC[C@@]5(C)[C@H](CC[C@@H]6[C@@H]5CC[C@]7(C)[C@@H](CC[C@]67O)C8=CC(=O)OC8)C4
869,0,CC1(C)SC2C(NC(=O)C(N=C)c3ccccc3)C(=O)N2C1C(O)=O
741,0,NCC[C@H](O)C(=O)N[C@@H]1C[C@H](N)[C@@H](O[C@H]2O[C@H](CN)CC[C@H]2N)[C@H](O)[C@H]1O[C@H]3O[C@H](CO)[C@@H](O)[C@H](N)[C@H]3O
1044,1,C1=CC=CC2=C1C4=C([NH]2)CN3CCN(CC3C4)CCCC(C5=CC=C(C=C5)F)=O
1816,1,[C@H]34[C@H]2[C@@](F)([C@@]1(C(=CC(=O)C=C1)CC2)C)[C@@H](O)C[C@@]3([C@](O)([C@H](C4)C)C(=O)C)C
1361,1,C1=CC=CC2=C1SC5=C(N2CC3C4CCN(C3)CC4)C=CC=C5
922,0,COCOC(=O)C1N2C(SC1(C)C)C(N3C(=O)C(NC3(C)C)c4ccc(O)cc4)C2=O
364,0,Cc1ccc(CC2=CN=C(NCCCCc3ncc(Br)cc3C)NC2=O)cn1
406,1,CCCC(C)CC
900,0,CC1(C)S[C@@H]2[C@H](NC(=O)[C@H](NC(=O)NC3=CN=C(NC3=O)Nc4ccc(cc4)[S](N)(=O)=O)c5ccc(O)cc5)C(=O)N2[C@H]1C(O)=O
941,0,Cc1ccc(cc1)C(=O)c2cc(O)c(O)c(c2)[N+]([O-])=O
1705,1,[C@@H]24[C@@](C1=CC=CC=C1OC3=C(C=CC=C23)C)(CCN(C4)C)O
2023,1,C1=CC=CC(=C1N3CCN(CCCOC2=CC=CC=N2)CC3)C
329,0,OCc1cccnc1
233,0,C[C@]12CC[C@H]3[C@@H](CCc4cc(O)ccc34)[C@@H]1CCC2=O
1396,1,C(N1CCOCC1)CNC2=NNC(C=C2C)=C3C=CC(=O)C=C3
1802,1,C1=CC(=CC3=C1C(C2=CC(=C(Cl)C=C2)Cl)CN(C)C3)OC
1116,1,C3=C(C(C2CCN(CCCC(C1=CC=C(F)C=C1)=O)CC2)=O)C=CC(=C3)Cl
1501,1,C1=C(Cl)C=CC2=C1C(=NCC(N2CC(CO)O)=O)C3=CC=CC=C3F
350,0,C[C@H]1O[C@@H](O[C@@H]\2C[C@@H]3O[C@](O)(C[C@@H](O)C[C@@H](O)[C@H](O)CC[C@@H](O)C[C@@H](O)CC(=O)O[C@@H](C)[C@H](C)[C@H](O)[C@@H](C)\C=C/C=C\C=C/C=C\C=C/C=C\C=C2)C[C@H](O)[C@H]3C(O)=O)[C@@H](O)[C@@H](N)[C@@H]1O
1125,1,[C@]34([C@H]([C@H]2[C@@H]([C@@]1(C(=CC(=O)CC1)CC2)C)C(C3)=O)CC[C@@]4(C(COC(C)=O)=O)O)C
30,1,O.CCN1CCN(C(=O)N[C@@H](C(=O)N[C@H]2[C@H]3SC(C)(C)[C@@H](N3C2=O)C(O)=O)c4ccccc4)C(=O)C1=O
89,1,N1(Cc2cccc(OCCCNc3ccccn3)c2)CCCCC1
1427,1,C1=C(O)C=CC3=C1C24C(C(NCC2)C3)CCCC4
303,0,[Br-].C[N+]1(C)CCCC(C1)OC(=O)C(O)(c2ccccc2)c3ccccc3
934,0,CCCCCCCCCC(=O)N[C@@H]1[C@@H](O)[C@H](O)[C@@H](CO)O[C@H]1Oc2c3Oc4ccc(C[C@H]5NC(=O)[C@H](N)c6ccc(O)c(Oc7cc(O)cc(c7)[C@H](NC5=O)C(=O)N[C@H]8C(=O)N[C@H]9C(=O)N[C@@H]([C@H](O[C@@H]%10O[C@H](CO)[C@@H](O)[C@H](O)[C@H]%10NC(C)=O)c%11ccc(Oc2cc8c3)c(Cl)c%11)C(=O)N[C@@H](C(O)=O)c%12cc(O)cc(O[C@H]%13O[C@H](CO)[C@@H](O)[C@H](O)[C@@H]%13O)c%12c%14cc9ccc%14O)c6)cc4Cl
515,1,c1(ccc(c(c1)Cl)Cl)CC(N1[C@@H](c2c(CC1)occ2)C[N@@]1C[C@@H](CC1)O)=O
1486,1,[N]14C3=C(C2=C1C=CC(=C2)C)CCCC3NCC4.[H+].[Cl-]
735,0,CC(C)(C)C(=O)OCOC(=O)C1N2[C@H](SC1(C)C)[C@H](N=CN3CCCCCC3)C2=O
1076,1,C1=CC(=CC=C1C3CN(CC(N2CC(NCC2)=O)=O)C(C3)=O)Cl
626,1,c1cc2c(C(N[C@@H](CC)c3ccccc3)=O)c(c(nc2cc1)c1ccccc1)OCCCN(C)C
1974,1,C(C)CCC(=O)OC3(CCC4C2CCC1=CC(=O)C=CC1(C)C2C(O)CC34C)C(=O)CO
1204,1,C1=C(Cl)C=CC3=C1C(C2=CC=CC=C2)SC(=N3)NCC
689,1,Nc1nc(NC2CC2)c3ncn([C@@H]4C[C@H](CO)C=C4)c3n1
860,0,CC[C@H]1OC(=O)[C@H](C)[C@@H](OC2CC(C)(OC)C(O)C(C)O2)C(C)[C@@H](OC3OC(C)CC(C3O)N(C)C)[C@](C)(O)C[C@@H](C)\C(=N/OC)[C@H](C)[C@@H](O)[C@]1(C)O
1678,1,C1=CC2=C(C=C1)SC3=C(N2CC(C)N(C)C)C=C(C=C3)C(=O)C
1383,1,C(NCC(N)=O)CCCC
933,0,C[C@]1(Cn2ccnn2)[C@@H](N3[C@@H](CC3=O)[S]1(=O)=O)C(O)=O
1559,1,C1=CC=CC=C1N2C4(C(NC2)=O)CCN(CCCC(C3=CC=C(F)C=C3)=O)CC4
278,0,C[C@H](N)[C@H](O)c1cccc(O)c1
989,1,[C@@]45([C@@]3([C@H]([C@H]2[C@]([C@@]1(C(=CC(=O)C=C1)CC2)C)(F)[C@H](C3)O)C[C@H]4OC6(O5)CCCC6)C)C(COC(C)=O)=O
638,1,CCN(CC)CCN1C(=O)CN=C(c2ccccc2F)c3cc(Cl)ccc13
1295,1,C1=CC(=C5C2=C1CC6C34C2(C(C(OC)(C(C3)C(CC)(C)O)C=C4)O5)CCN6CC7CC7)OC
1077,1,OC1OC(COCCOC(O)C(Cl)(Cl)Cl)C(OC2OC(COCCOCCOC(O)C(Cl)(Cl)Cl)CC(OC(O)C(Cl)(Cl)Cl)C2O)C(OCCOCCOC(O)C(Cl)(Cl)Cl)C1O
265,0,N[S](=O)(=O)c1cc2c(NCN[S]2(=O)=O)cc1C(F)(F)F
1864,1,C1=C(C(F)(F)F)C=CC3=C1N(C2=C(C=CC=C2)S3)CCCN4CCN(CCO)CCC4
1006,1,C(C1(C(NC(=O)NC1=O)=O)C(C)C)C=C
488,1,N1(c2c(Sc3c1cccc3)ccc(c2)Cl)CCCNC
1302,1,[C@@]125C3=C4C[C@H]([C@@]1(CC[C@@H]([C@@H]2OC3=C(C=C4)O)O)O)N(C)CC5
1913,1,C1=C(SC)C=CC4=C1C(N2CCN(C)CC2)CC3=C(C=CC=C3)S4
1538,1,C1=C(C(=CC=C1C2CNC(C2)=O)OC)OC3CCCC3
1862,1,C1=CC=CC2=C1C(C3=C(CC2)C=CC=C3)OC4CCN(C)CC4
705,0,Nc1ccc(C(O)=O)c(O)c1
817,0,Cc1onc(c1C(=O)N[C@H]2[C@H]3SC(C)(C)[C@@H](N3C2=O)C(O)=O)c4c(Cl)cccc4Cl
925,0,CN[C@@H]1[C@@H](O)[C@H](OC[C@]1(C)O)O[C@H]2[C@H](N)C[C@H](N)[C@@H](O[C@H]3OC(=CC[C@H]3N)CN)[C@@H]2O
153,0,CCCNC(=O)N[S](=O)(=O)c1ccc(Cl)cc1
1841,1,[C@H]2(C1=CC(=O)C=C[C@@]1([C@@]4([C@@H](C2)[C@@H]3C[C@@H](O)[C@]([C@@]3(C)C[C@@H]4O)(O)C(=O)CO)F)C)F
963,1,C2=C(C(C1=CC=CC=C1)(C(OC(=O)C)CC)CC(N(C)C)C)C=CC=C2
1979,1,C1=CC=CC2=C1N(C3=C(S2)C=CC=C3)CC(C)N(C)C
905,0,CCCNCC(O)COc1ccccc1C(=O)CCc2ccccc2
1809,1,[C@]23([C@H]([C@H]1[C@]([C@](C(CO)=O)(C)[C@@H](C1)C)(C)C[C@@H]2O)CCC4=CC(=O)C=C[C@]34C)F
1436,1,CNCCC=C3c1ccccc1C2CC2c4ccccc34
1179,1,[H+].C1=C(OC)C(=CC2=C1C(=O)C(C2)CC3CCN(CC3)CC4=CC=CC=C4)OC.[Cl-]
1222,1,C2=C(C1(C(N(CC(COCCCC)OC(N)=O)C(=O)NC1=O)=O)CC)C=CC=C2
1294,1,C3=C2N(C1=CC=CC=C1C=CC2=CC=C3)CCCN4C=CN(CC=C4)CCO
699,1,COc1ccc2Sc3ccccc3N(CCCN(C)C)c2c1
471,0,CN1CCN(CC1)c2cc3N(C=C(C(O)=O)C(=O)c3cc2F)c4ccc(F)cc4
1693,1,C1=CC=CC3=C1N(C2=C(C=CC=C2)S3)CC(CN(C)C)N(C)C
1239,1,[C@@H](C1=CC=C(C=C1)[S](C)(=O)=O)([C@H](NC(C(Cl)Cl)=O)CF)O
443,0,OC(=O)C1=CN(C2CC2)c3cc(N4CCNCC4)c(F)cc3C1=O
1633,1,C1=N[N](C2=C1C(=C(C(=N2)C)C(OCC)=O)NCCCC)CC
1104,1,C1=C(Cl)C=CC4=C1N(CCCN3CCC(N2CCCCC2)(CC3)C(N)=O)C5=C(CC4)C=CC=C5
49,1,n(ccc1)c(c1)CCN(C)C
1200,1,[C@@]12(C3=C(N(C)[C@H]1N(C)CC2)C=CC(=C3)OC(NCCCCCCC)=O)C
956,1,C(C(NC(C)=O)C(O)=O)CC(N)=O
1038,1,[C@H](O)(/C=C/C1=C(C3=C(OC12CCCC2)C=CC=C3)C4=CC=C(F)C=C4)C[C@H](O)CC(OCC)=O
1267,1,[C@@H](O)(/C=C/C1=C(C2=C([N]1C(C)C)C=CC=C2)C3=CC=C(F)C=C3)C[C@H](O)CC(=O)O
1241,1,[C@@]34(F)C(C2C(C1(N=C(OC1C2)C)C(=O)COC(=O)C)(CC3O)C)CCC5=CC(=O)C=CC45C
645,1,c1cc(ncc1)CSCCNc1c(cc[nH]1)[N+](=O)[O-]
1698,1,C1=C(Cl)C=CC3=C1N(C2=CC=CC=C2)C(CCN3C(OCC)=O)=O
43,1,c1ccc(cc1)c1csc(n1)N=C(N)N
1415,1,C1=CC=NC=C1C(N2CCOCC2)=O
267,0,COc1ccc2n(c(C)c(CC(O)=O)c2c1)C(=O)c3ccc(Cl)cc3
247,1,COc1cc(cc(OC)c1OC)C(=O)N2CCOCC2
903,0,Cc1cnn(c1C(=O)N[C@H]2[C@H]3SC(C)(C)[C@@H](N3C2=O)C(O)=O)c4c(Cl)cccc4Cl
174,1,O=C1CN(CC2N1CCc3ccccc23)C(=O)C4CCCCC4
1912,1,[C@H]24[C@H]1[C@@]([C@](C(COC(CCC(O)=O)=O)=O)(O)CC1)(C[C@@H]([C@@H]2[C@@]3(C(=CC(=O)C=C3)[C@H](C4)C)C)O)C
73,1,C1CCCCC1
584,1,CN(C)CCOC(c1ccccc1)c2ccccc2
1318,1,[H+].C1=CC=CC2=C1[S](=O)(=O)N(C2=O)CCCCN4CCN(C3=NC=CC=N3)CC4.[Cl-]
531,1,C[N+](C)(C)CCO
348,1,NC1=NC(=O)N(C=C1)[C@H]2CC[C@@H](CO)O2
1756,1,C3=C(N2CCN(CCCC(C1=CC=C(F)C=C1)=O)CC2)N=CC4=CC=CC=C34
829,0,COc1cccc2C(=O)c3c(O)c4C[C@@](O)(C[C@@H](OC5CC(N)CC(C)O5)c4c(O)c3C(=O)c12)C(=O)CO
1092,1,C(C1CCCCC1)NN
1229,1,C4=C3[NH]C1=C(CCNC1CC2=CC=CC=C2)C3=CC=C4
1783,1,CN2C(Cc1ccccc1N=C2C)c3ccccc3
422,0,CN1C(=O)N(C)c2nc[nH]c2C1=O
1566,1,C3=C(N2C(C(C1=CC=CC=C1)CC2=O)=O)C(=CC(=C3)[S](N)(=O)=O)Cl
897,0,COc1cccc2C(=O)c3c(O)c4C[C@](O)(C[C@H](O[C@H]5C[C@H](N)[C@H](O[C@H]6CCCCO6)[C@H](C)O5)c4c(O)c3C(=O)c12)C(=O)CO
863,0,CCCCc1nc(Cl)c(CO)n1Cc2ccc(cc2)c3ccccc3c4n[nH]nn4
2049,1,C1=C(Cl)C(=C(C2=C1NC(=O)C(N2)=O)[N+](=O)[O-])Cl
510,1,CCCCC
403,0,C[C@]12CC[C@H]3[C@@H](CCC4=CC(=O)C=C[C@]34C)[C@@H]1CCC(=O)O2
141,1,C1CCN(CC1)C2(CCCCC2)c3ccccc3
501,1,OCCOC(=O)NCc1ccccc1
1507,1,C1=CC=CC2=C1N(C(C3=C(N2)N=CC=C3)=O)CC(N(C)C)C
414,1,OC(C1CCCCN1)c2cc(nc3c2cccc3C(F)(F)F)C(F)(F)F
1966,1,C1=C(Cl)C=CC2=C1C(=NCC(N2CC#C)=O)C3=CC=CC=C3
1449,1,C1=C4C(=CC=C1CN3CCC(NC(NC(C2=CC=CC=C2)=O)=O)CC3)C=CC=C4
1027,1,[C@]23([C@H]([C@H]1[C@]([C@](C(CO)=O)(O)[C@H](C1)C)(C)C[C@@H]2O)CCC4=CC(=O)C=C[C@]34C)Cl
1620,1,[C@]23([C@H]([C@H]1[C@]([C@@](SCC)(SC)CC1)(C)C[C@@H]2O)CCC4=CC(=O)C=C[C@]34C)F
1298,1,[C@@]4([C@@]3([C@H]([C@H]2[C@@H]([C@@]1(C(=CC(=O)CC1)CC2)C)[C@H](C3)O)CC4)C)(C(COC(C)=O)=O)OC(CC)=O
25,1,CCC(=O)N(c1ccccc1)C2(CCN(CCc3sccc3)CC2)COC
302,0,NC(Cc1ccc(cc1)N(CCCl)CCCl)C(O)=O
771,0,CO/N=C(C(=O)N[C@H]1[C@H]2SCC(=C(N2C1=O)C(O)=O)C)/c3csc(N)n3
1131,1,C(C(N(C(\C=C\C)=O)CC)C(N(C)C)=O)C
436,1,CCOCC
966,1,C1=NC2=C([N]1COCCO)NC(=NC2=O)N
1692,1,C1=CC(=CC=C1C2(C(NC(=O)CC2)=O)CC)N
1932,1,C2=C1C(=NN=C(CC1=CC(=C2OC)OC)C)C3=CC=C(N)C=C3
1779,1,C1=CC=CC3=C1SC2=C(C=CC=C2)C=C3CN(C)C
1186,1,[C@H]2(N(C1=CC=C(C(=C1)Cl)Cl)C(CC)=O)[C@@H](CCC2)N(C)C
844,0,CO/N=C(C(=O)N[C@H]1[C@H](C)N(OCC(=O)OCC(=O)OC(C)(C)C)C1=O)/c2csc(N)n2
173,0,CC[C@H](C)C(=O)O[C@H]1C[C@H](O)C=C2C=C[C@H](C)[C@H](CC[C@@H](O)C[C@@H](O)CC(O)=O)[C@@H]12
1643,1,O=[P](O)(OCC(Cl)(Cl)Cl)O
389,1,CC(C)CO
24,1,CC(C)(C)NCC(O)COc1cccc2C[C@@H](O)[C@@H](O)Cc12
431,0,CC(=O)CC(c1ccccc1)C2=C(O)Oc3ccccc3C2=O
1880,1,[C@]235[C@H]([C@H](N(CC1CC1)CC2)CC4=C3C(=CC=C4)O)CCC(C5)=O
599,0,CC(C)(C)NCC(O)c1ccc(O)c(CO)c1
1898,1,C1=C(C=CC=C1N3CCN(CCC2=N[NH]C(=C2)C)CC3)Cl
361,0,CC(C)(C)NCC(O)c1ccc(O)c(CO)n1
1774,1,C3=C(C1OC(=NC1=O)NC2CC2)C=CC=C3
659,1,NC(=O)OC1(CCCCC1)CC#C
2013,1,C(C1(C(CCC)CC)C(NC(=S)NC1=O)=O)C
306,0,COc1ccc2[C@H]3CC[C@@]4(C)[C@@H](CC[C@@]4(O)C#C)[C@@H]3CCc2c1
347,1,CC[C@@]1(O)C(=O)OCC2=C1C=C3N(Cc4cc5c(CN(C)C)c(O)ccc5nc34)C2=O
1803,1,C1=CC=CC3=C1N(C2=C(C=CC=C2)S3)CCN(CC)CC
1840,1,[C@]12(OC(O[C@@H]1CC3C2(CC(O)[C@H]4C3C[C@H](F)C5=CC(=O)C=CC45C)C)(C)C)C(=O)COC(=O)C
424,0,Cc1ccc(cc1)[S](=O)(=O)NC(=O)NN2CCCCCC2
1494,1,[C@]34([C@H]([C@H]2[C@@H]([C@@]1(C(=CC(=O)C=C1)CC2)C)[C@H](C3)O)CC[C@@]4(C(COC(CC(C)(C)C)=O)=O)O)C
1018,1,O=C1NCCN1C4CCN(CCC3COc2ccccc2O3)CC4
1886,1,C3=C(C(CC2N(C(CC(C1=CC=CC=C1)=O)CCC2)C)O)C=CC=C3
848,0,CC1(C)N[C@@H](C(=O)N1[C@H]2[C@H]3SC(C)(C)[C@@H](N3C2=O)C(O)=O)c4ccccc4
1482,1,C(N1C(CCC1)=O)C(N)=O
1524,1,C1=CC=CC=C1N(C2(CCN(CCC(OC)=O)CC2)C(OC)=O)C(CC)=O
482,1,CN1C(=O)NC(=O)C(C)(C1=O)C2=CCCCC2
939,0,CC(C)C(=O)OCc1cccc(OC(=O)[C@@H]2N3[C@H](SC2(C)C)[C@H](NC(=O)Cc4ccccc4)C3=O)c1
1752,1,C1=C(C(=CC(=C1[N+](=O)[O-])N)OCC)C(NC3CCN(CC2CCC=CC2)CC3)=O
1108,1,C1=C(Cl)C=CC3=C1N(C2=CC=CC=C2)C(=O)N3CCCN(C)C
842,0,C[C@@H]1[C@H](O)CC[C@@]2(C)[C@H]1CC[C@@]3(C)[C@H]2[C@H](O)C[C@H]4\C([C@H](C[C@]34C)OC(C)=O)=C(/CCC=C(C)C)C(O)=O
889,0,CO\N=C(C(=O)NC1[C@H](C)N(OCC(O)=O)C1=O)\c2csc(N)n2
1891,1,C1=CC=CC3=C1C4=C(C2=C(C=CC=C2)O3)CCN(CC4)C
1359,1,C1=C(C(=CC=C1)OC)OCC2CNC(O2)=O
1954,1,C2C1=NN=N[N]1CCCC2
80,1,OC12c3c(Oc4c(C)cccc4C2CN(CC1)C)cccc3
412,1,CC(C)(C)OC(=O)c1ncn2c3cccc(Br)c3C(=O)N4CCC[C@H]4c12
1152,1,[C@]12(OC(O[C@@H]1C[C@@H]3C2(CC(O)[C@H]4C3CCC5=CC(=O)C=CC45C)C)(C)C)C(=O)CO
790,0,CO/N=C(C(=O)N[C@H]1[C@H]2SCC(=C(N2C1=O)C(O)=O)Cn3nnc(C)n3)/c4csc(N)n4
116,1,NC1=NC(=O)C(O1)c2ccccc2
1488,1,C1=C(Cl)C=CC2=C1C(=NC(C(=O)N2)OC(C(C)(C)C)=O)C3=CC=CC=C3
651,1,s1cc(nc1\[NH]=C(\N)N)C
1,1,[Cl].CC(C)NCC(O)COc1cccc2ccccc12
916,0,CO[C@H]1/C=C/O[C@@]2(C)Oc3c(C)c(O)c4c(O)c(NC(=O)C(=C\C=C\[C@H](C)[C@H](O)[C@@H](C)[C@@H](O)[C@@H](C)[C@H](OC(C)=O)[C@@H]1C)/C)c5n6ccc(C)cc6nc5c4c3C2=O
142,1,NNCCc1ccccc1.O[S](O)(=O)=O
1879,1,C1=CC=CC2=C1N(C3=C(CC2=O)C=CC=C3)CCCN(C)C
596,1,CN1CCN(CC1)CC(=O)N2c3ccccc3C(=O)Nc4cccnc24
82,1,c12c(nc([nH]1)NC(OC)=O)cc(SCCC)cc2
1059,1,C(C(CCCC)CC)NC(CC(C)O)=O
35,1,CCC(=O)N(C1CCN(CC1)CCc2ccccc2)c3ccccc3
1555,1,C1=CC(=CC=C1C2(C(CC(C)C)N(C)C)CCC2)Cl
938,0,CC1(C)[C@H](NC(=O)C(=N\OCC(O)=O)/c2csc(N)n2)C(=O)N1O[S](O)(=O)=O
260,0,NC(N)=NCCN1CCCCCCC1
9,1,COc1ccc(cc1)[C@@H]2Sc3ccccc3N(CCN(C)C)C(=O)[C@@H]2OC(C)=O
196,1,CO[C@H]1[C@@H](C[C@@H]2CN3CCc4c([nH]c5cc(OC)ccc45)[C@H]3C[C@@H]2[C@@H]1C(=O)OC)OC(=O)c6cc(OC)c(OC)c(OC)c6
1143,1,C1=CC=CC3=C1N(C2=C(C=CC=C2)S3)C(CN(C)C)=O
341,1,c1c2c(ccc1)[C@@]1([C@@H](c3cccc(c3O2)C)C[N@](CC1)C)O
1002,1,C3=C(CCN1CCC(CC1)(C2=CC=CC=C2)C(OCC)=O)C=CC(=C3)N
1730,1,C1=CC=CC2=C1OC(CNCCCC)CO2
791,0,OC(=O)C1=C(CS[C@@H]2[C@H](NC(=O)Cn3cnnn3)C(=O)N12)CSc4scnn4
1796,1,C1=C(C=CC=C1OC2CN(C(N)=O)C2)C(F)(F)F
1395,1,[C@@H]13C=C[C@@H]([C@@]2([C@H]1[C@H](OC2=O)OC(NC)=O)C)C3
637,1,OCCN1CCN(CCCN2c3ccccc3Sc4ccc(cc24)C(F)(F)F)CC1
1960,1,[C@H]2(C1=CC=CC=C1)[C@@H](N(CCO2)C)C
1784,1,C1=CC=CC2=C1N(C(=O)N2)CCCN4CCC(C(C3=CC=C(F)C=C3)=O)CC4
522,0,c1(CC(N2[C@H](CN(CC2)C(=O)C)C[N@]2CC[C@H](C2)O)=O)ccc(OC)cc1
512,1,CC(C)=O
1026,1,C1=CC=CC=C1CNC(CCCl)=O
698,1,COc1ccccc1OCC(O)COC(N)=O
836,0,CC1(C)S[C@@H]2[C@H](NC(=O)[C@H](NC(=O)C(C)(C)Oc3ccc(Cl)cc3)c4ccccc4)C(=O)N2[C@H]1C(O)=O
1185,1,C(N1C(CCC1)=O)C(NNC(CN2C(CCC2)=O)=O)=O
1543,1,CON=C(C#N)C1CN2CCC1CC2
68,1,CNCCCC12CCC(c3ccccc13)c4ccccc24
1614,1,C2=C(N1C(SCC1)=N)C(=CC(=C2)Cl)N
1964,1,C1=CC=CC3=C1C(C2=C(C=CC=C2)S3)=C4CCN(C)CC4
1596,1,C(C1(C(CCC)CC)C(NC(=O)NC1=O)=O)C
1957,1,C2=C(C1=CC=CC=C1)ON=C2C(CN3CCCCC3)O
1609,1,C1=C4C(=C2C(=C1)SC=C2C)C3=C(CCN(C3)C)[NH]4
136,0,OC(=O)CCCc1ccc(cc1)N(CCCl)CCCl
1171,1,CN(C(C)CC1=CC=CC=C1)C
1472,1,C1=CC=CC=C1N2C(C(C(NC2=O)=O)(CC)CC)=O
1167,1,[C@H]23[C@@]([C@@]1(C(=CC(=O)C=C1)[C@H](C2)F)C)([C@H](C[C@]4([C@H]3C[C@@H](C)[C@@H]4C(COC(C(C)(C)C)=O)=O)C)O)F
1686,1,C2=C(C1(C(CN(C)CC1)C)OC(CC)=O)C=CC=C2
179,1,NC(N)=O
2046,1,C3=C(N2C1=C([N](C)N=C1C)N(C(=O)CC2=O)C)C=CC=C3
423,0,NC1=NC(=S)c2[nH]cnc2N1
2018,1,C1=C(SC=C1)C2(C(CCCC2)=O)NCC
1022,1,[C@H]13[C@H](C[C@@H]1C2=CC=C(F)C=C2)CN(C3)CCN4C(=O)C5=C(NC4=O)C=CC=C5
552,0,CN(C)C(=O)C(CCN1CCC(O)(CC1)c2ccc(Cl)cc2)(c3ccccc3)c4ccccc4
1413,1,[C@]125OC(O[C@@]([C@]1(C[C@H](O)[C@H]3[C@H]2CCC4=CC(=O)CC[C@]34C)C)(CC5)C(=O)COC(=O)C6=CC=NC=C6)\C=C/C
1642,1,C3=C(C2(C1=CC=CC=C1)C(N(C(C(Cl)(Cl)Cl)O)CN2)=O)C=CC=C3
425,0,CCCCNC(=O)N[S](=O)(=O)c1ccc(C)cc1
657,1,CN(C1CCCC[C@H]1N2CCCC2)C(=O)Cc3ccc(Cl)c(Cl)c3
1747,1,C1=CC=CC2=C1C(C3=NCCCN23)(C4=CC=CC(=C4)Cl)O
882,0,COC(=O)C1=C(C)NC(=C(C1c2cccc(c2)[N+]([O-])=O)C(=O)OCCN(C)Cc3ccccc3)C
940,0,NC[C@H]1O[C@H](O[C@@H]2[C@@H](N)C[C@@H](N)[C@H](O[C@H]3O[C@H](CO)[C@@H](O)[C@H](N)[C@H]3O)[C@H]2O)[C@H](N)C[C@@H]1O
1546,1,C1=CC=CC(=C1OC(C2=C(C=CC=C2)O)=O)C(O)=O
1292,1,C1=C(Br)C=CC3=C1C2(N(CCO2)CC(=O)N3)C4=C(C=CC=C4)F
1615,1,[C@H]12[C@@](C(OC(=O)C)([C@H](C1)C)C(SC)=O)(C[C@H](O)C3(F)[C@H]2CCC4=CC(=O)C=C[C@]34C)C
1409,1,C1=CC=C(C(=C1C)NC(CN2C(CCC2)=O)=O)C
66,1,ClC1=CC=CC(OC2CCN(CCC3CCCN3S(C4=CC(N([H])C=C5)=C5C=C4)(=O)=O)CC2)=C1
264,0,C[C@]12CCC(=O)C=C1CC[C@H]3[C@@H]4CC[C@](O)(C(=O)CO)[C@@]4(C)C[C@H](O)[C@H]23
1012,1,C1=CC=CC=C1C(C(OC2CC3[N+](C(C2)CC3)(C)[O-])=O)CO
1998,1,C1=CC=CC2=C1N=C(S2)N(C4CCN(CC(COC3=CC=C(C=C3)F)O)CC4)C
503,1,Cn1cnc2N(C)C(=O)N(C)C(=O)c12
1738,1,[H+].C1=C(CC(N(C)C)(CO)C)C=CC(=C1Cl)Cl.[Cl-]
1592,1,C1=C(C(F)(F)F)C=CC3=C1C(C2=C(C=C(F)C=C2)S3)CCCN4CCN(CCO)CC4
539,1,Cn1cnc2N(C)C(=O)NC(=O)c12
1301,1,CC14CCC(=O)C=C1CCC5C3CCC(O)(C(=O)COC(=O)CCC2CCCC2)C3(C)CC(O)C45
748,0,CC(C)COCC(CN(Cc1ccccc1)c2ccccc2)N3CCCC3
1423,1,C1=CC(=CC=C1\C(C2=CC=CN=C2)=C\CNC)Br
1009,1,C1=CC=CC(=C1C(O)=O)OC(C)=O
1766,1,CN1CCC(CC1)=C3c2ccccc2Oc4ccc(Cl)cc34
1103,1,[C@]4([C@@]3([C@H]([C@H]2[C@]([C@@]1(C(=CC(=O)C=C1)CC2)C)(F)C(C3)=O)C[C@@H]4C)C)(OC(CCC)=O)C(CCl)=O
1712,1,C2=C(C(CC(N(C)C)C)(C(CC)O)C1=CC=CC=C1)C=CC=C2
1080,1,C1=C(C(O)C(CO)NC(C(Cl)Cl)=O)C=CC(=C1)C(=O)C
739,0,CN(C)[C@H]1[C@@H]2C[C@H]3C(=C(O)c4c(O)cccc4[C@@]3(C)O)C(=O)[C@]2(O)C(=O)\C(=C(/O)NC(N5CCN(CCO)CC5)C(O)=O)C1=O
1255,1,C2=C(C(OC1=CC=C(C=C1)C(F)(F)F)CCNC)C=CC=C2
1900,1,C1=C(Br)C=CC2=C1C(=NCC(N2C)COC)C3=CC=CC=C3Cl
1158,1,[C@@H]1(NCCCC1)[C@@H]2OC(OC2)(C3=CC=CC=C3)C4=CC=CC=C4
1770,1,C1=C(Cl)C=NC2=C1SC4=C(N2CCCN3CCN(CCO)CC3)C=CC=C4
1569,1,C1=C(C(=CC=C1[S](N)(=O)=O)OC)C(NCC2N(CCC2)C)=O
2037,1,C(C(C(CC)C)C(N)=O)C
1674,1,C1=C(Cl)C=CC2=C1C(=NO2)C([N]3C=CN=C3)C
663,1,OCCOCCN1CCN(CC1)C(c2ccccc2)c3ccc(Cl)cc3
221,1,COC1=CC=C2[C@H]3Cc4ccc(OC)c5O[C@@H]1[C@]2(CCN3C)c45
1828,1,C1=CC=CC2=C1C(=C[NH]2)CC(CC)N
628,0,c1cc2c(C(N[C@@H](CC)c3ccccc3)=O)c(c(c3ccccc3)nc2cc1)OCCCC(O)=O
151,0,OCC(NC(=O)C(Cl)Cl)C(O)c1ccc(cc1)[N+]([O-])=O
1270,1,[C@H](NC(C3=CC=C(NCC1=NC2=C(N=C1)NC(=NC2=O)N)C=C3)=O)(CCC(O)=O)C(O)=O
2017,1,C1=C4C(=C2C(=C1F)SC=C2C)C3=C(CCN(C3)CC)[NH]4
52,1,c1(ccccc1)CC
1024,1,C(C1(C(NC(=O)NC1=O)=O)CC)C
1714,1,[C@H]34[C@H]2[C@@]([C@@]1(C(=CC(=O)C=C1)CC2)C)([C@@H](O)C[C@@]3([C@](C(COC(C)=O)=O)(O)[C@H](C4)C)C)F
864,0,[Cl-].CN(C)[C@H]1[C@@H]2C[C@H]3C(=C(O)c4c(O)ccc(Cl)c4[C@@]3(C)O)C(=O)[C@]2(O)C(=O)\C(=C(N)\O)C1=O.[H+]
1889,1,C1=CC(=CC(=C1\C(=C\[N]2C=NC=N2)Cl)Cl)Cl
1946,1,C1=C(OC)C=CC3=C1N(C2=C(C=CC=C2)S3)CCC4N(CCCC4)C
1107,1,[C@@]24(Cl)C1(C(=CC(=O)C=C1)[C@@H](F)CC2C3C(C([C@@H](C3)C)C(=O)COC(=O)C(C)(C)C)(CC4O)C)C
635,1,CCc1ccc2Sc3ccccc3N(CC(C)CN(C)C)c2c1
841,0,CC(C)CC(OC(=O)c1occc1)C(=O)N[C@H]2[C@H]3SC(C)(C)[C@@H](N3C2=O)C(O)=O
1768,1,C1=C(C(=N/OCCN)/CCCCOC)C=CC(=C1)Cl
901,0,CC(C)(C)C(=O)OCOC(=O)[C@@H]1N2[C@H](SC1(C)C)[C@H](NC(=O)[C@H](N)c3ccccc3)C2=O
961,1,C2=C(CC(C(NCC(OCC1=CC=CC=C1)=O)=O)CSC(C)=O)C=CC=C2
376,0,C[C@]12C[C@H](O)[C@H]3[C@@H](CCC4=CC(=O)C=C[C@]34C)[C@@H]1CC[C@]2(O)C(=O)CO
207,0,NCCc1ccc(O)c(O)c1
1602,1,C(C1(C(NC(=S)NC1=O)=O)C(CCC)C)C=C
2021,1,C2=C(N1CC(CO)OC1=O)C=CC=C2C
99,1,NC(CC=C)c1ccccc1c2noc3c2cccc3
298,1,NC(=O)c1cnccn1
1872,1,C1=CC=CC2=C1C(=C[NH]2)CCC3CCNCC3
192,1,CNCCCC1c2ccccc2C=Cc3ccccc13
1906,1,C1=CC=CC=C1C(C2=CC=CC=C2)(C(CC)=O)CC(N(C)C)C
1706,1,C2=C(C(NNC(C1=CC=CC=C1)=O)C)C=CC=C2
178,1,NC1[C@H]2CN(C[C@@H]12)c3nc4N(C=C(C(O)=O)C(=O)c4cc3F)c5ccc(F)cc5F
401,0,OC(=O)C1=C\C(C=CC1=O)=N/Nc2ccc(cc2)[S](=O)(=O)Nc3ccccn3
1506,1,[CH2-][CH-]C
1235,1,C1=CC(=CC=C1C(CC(C)(C)O)(C)O)Cl
76,1,Clc1cc2c(Oc3ccccc3C3CN(CC32)C)cc1
1807,1,[C@]134[C@@H]([C@H](CC2=C1C=C(C)C=C2)N(C)CC3)CCCC4
1139,1,[C@@]135C67[C@@H](N(CC1)CC2CC2)CC4=CC=C(O)C(=C34)O[C@@H]5C(OC)(C(C6)C(O)(C)C)C=C7
61,1,[Cl-].CN[C@H]1CC[C@@H](c2ccc(Cl)c(Cl)c2)c3ccccc13.[H+]
191,1,CC(C)c1cccc(C(C)C)c1O
899,0,[Na+].CC1(C)S[C@@H]2[C@H](NC(=O)[C@H](NC(=O)C3=CC=C(NC3=O)c4ccc(cc4)[S](=O)(=O)N(CCO)CCO)c5ccc(O)cc5)C(=O)N2[C@H]1C([O-])=O
568,0,n1c(scc1c1ccccc1)CCN
1040,1,[C@]14([C@@]([C@@H](C)C[C@H]1[C@H]3[C@]([C@@]2(C(=CC(=O)C=C2)CC3)C)(F)[C@H](C4)O)(OC(CCCC)=O)C(CO)=O)C
1949,1,[C@]12(C(=CC(C=C1)=O)[C@H](C[C@H]3[C@H]4[C@](C[C@@H]([C@H]23)O)([C@](C(=O)CO)(O)[C@@H](C4)C)C)F)C
921,0,COC1CCCC2C3C(C(C)O)C(=O)N3C(=C12)C([O-])=O
2050,1,[C@H]3([N]2C1=C(C(=NC=N1)N)N=C2)[C@@H]([C@@H]([C@H](O3)C[S+](CC[C@@H](C([O-])=O)N)C)O)O
44,1,CC(N)COc1c(C)cccc1C
2042,1,C1=C(OC)C=CC2=NC=CC(=C12)CCCC3C(CNCC3)C=C
230,1,O.COC1CN(CCCOc2ccc(F)cc2)CCC1NC(=O)c3cc(Cl)c(N)cc3OC
1851,1,C1=C(F)C=CC3=C1C=C(SCCNC)C2=CC=CC=C2O3
1424,1,C1=CC=C(C3=C1C(C2=CC=CC=C2)CN(C)C3)N
988,1,[C@H]24C([C@@]1(O[C@@](O[C@@H]1C2)(C3=CC=CC=C3)C)C(=O)CO)(C[C@H](O)[C@@]5(F)C4CCC6=CC(=O)C=CC56C)C
189,1,CC(CN1c2ccccc2Sc3ccccc13)N(C)C
1008,1,C(O)C(O)C1OC(=C(O)C1=O)O
118,1,CCc1cc(ccn1)C(N)=S
1150,1,C1=NC(=NC2=C1N=C[N]2COCCO)N
944,0,CC(C)c1ccc(C)cc1OCC2=NCCN2
229,1,CCN(CC)CCCC(C)Nc1ccnc2cc(Cl)ccc12
17,1,CN(C)C(=O)C(CCN1CCC(O)(CC1)c1ccc(Cl)cc1)(c1ccccc1)c1ccccc1
1003,1,C1=CC(=CC=C1C(N2C(CCC2)=O)=O)OC
217,1,Nc1c2CCCCc2nc3ccccc13
622,1,c1c(Cl)nc(N2CCN(CCCCN3C(CCC3)=O)CC2)cc1C(F)(F)F
592,1,c12c(nc(c(c1C(N[C@@H](CC)c1ccccc1)=O)C)c1ccccc1)cccc2
558,1,COc1ccc2C[C@@H]3[C@@H]4C=C[C@H](O)[C@@H]5Oc1c2[C@]45CCN3C
1354,1,[C@@H]23[C@H]([C@H]1[C@]([C@@H](C(C)=O)CC1)(C)C[C@@H]2O)C[C@H](C)C4=CC(=O)CC[C@]34C
287,0,Cc1ccc(Cl)c(Nc2ccccc2C(O)=O)c1Cl
1357,1,C1=CC(=CC=C1C(CCCN2CCC(C)CC2)=O)F
1272,1,C1=CC(=CC2=C1N(C(CN=C2C3=CC=CC=C3)=O)C[P](C)(C)=O)Cl
1945,1,C1=C(OC)C(=CC2=C1C(=C(C)[NH]2)CCN4CCN(C3=CC=CC=C3)CC4)OC
1860,1,[C@H]23[C@@]([C@@]1(C(=CC(C(=C1)Cl)=O)[C@H](C2)F)C)([C@H](C[C@]4(C3C[C@H]([C@@]4(C(CO)=O)O)C)C)O)F
772,0,OC(=O)C1=C(CS[C@@H]2[C@H](NC(=O)Cc3sccc3)C(=O)N12)CSc4[nH]ncn4
1589,1,C3=C(CN2C1=NC(=NC(=C1CCC2=O)C)C)C=CC(=C3)C4=CC=CC=C4C5=N[NH]N=N5
1322,1,[C@]34([C@H]([C@H]2C(F)([C@@]1(C(=CC(=O)C=C1)[C@@H](F)C2)C)[C@@H](O)C3)C[C@H]5O[C@H](O[C@@]45C(O[C@@H](OC(OCC)=O)C)=O)CCC)C
282,0,CC(=O)N1CCN(CC1)c2ccc(OC[C@H]3CO[C@@](Cn4ccnc4)(O3)c5ccc(Cl)cc5Cl)cc2
1407,1,C2=C1C(=CC=CC1=CC=C2)OC(\C(=N\O)N)C
1385,1,C1=C(C(=NN=C1C2=CC=CC=C2)NCCN3CCOCC3)C
1890,1,[C@@H]1([C@H]3[C@@H](CC2=C1C=C(Cl)C=C2)CN(C3)C)C4=CC=CC=C4
511,1,CCCO
516,0,c1(ccc(c(c1)Cl)Cl)CC(=O)N1[C@H](CN(C(=O)C)CC1)C[N@@]1C[C@H](O)CC1
132,0,C[C@@](Cc1ccc(O)c(O)c1)(NN)C(O)=O
1348,1,[C@]34([C@H]([C@H]2[C@@H]([C@@]1(C(=CC(=O)C=C1)CC2)C)[C@H](C3)O)CC[C@@]4(C(CN5CCN(C)CC5)=O)O)C
1287,1,[C@@]45([C@@]3([C@H]([C@H]2[C@]([C@@]1(C(=CC(=O)CC1)CC2)C)(F)[C@H](C3)O)C[C@H]4OC(O5)(C)C)C)C(CCl)=O
662,1,CCC(O)(COC(N)=O)c1ccccc1
670,1,C1CN(CCC1)Cc1cccc(c1)OCCCNc1ncccc1
154,0,CN(C)[C@H]1[C@@H]2C[C@H]3C(=C(O)c4c(O)ccc(Cl)c4[C@@]3(C)O)C(=O)[C@]2(O)C(=O)\C(=C(N)/O)C1=O
544,0,c1(ccccc1)CC(N1[C@H](CN(CC1)C(=O)C)C[N@]1CC[C@H](C1)O)=O
1843,1,[C@H]24[C@H]1[C@@]([C@@H](C(C(OCCCC)=O)=O)[C@@H](C1)C)(C[C@@H]([C@@H]2[C@@]3(C(=CC(=O)C=C3)[C@H](C4)F)C)O)C
1595,1,[C@@H]34C1=CC=CC2=C1C(=C[NH]2)C[C@H]3N(C[C@H](C4)NC(N(CC)CC)=O)C
713,1,Cc1ncc2CN=C(c3ccccc3F)c4cc(Cl)ccc4n12.OC(=O)\C=C/C(O)=O
800,0,CO/N=C(C(=O)N[C@H]1[C@H]2SCC(=C(N2C1=O)C(O)=O)CSc3snnc3)/c4csc(N)n4
180,0,O=C1Oc2ccccc2C=C1
1216,1,C2=CC(=C3OC5C14C6(C(N(CC1)C)CC2=C34)CC(C5(OC)C=C6)C(O)(CCC)C)O
103,0,O=C1N=CN=C2NNC=C12
420,1,c1(ccc(cc1)C(F)(F)F)CC(N1[C@@H](CCCC1)CN1CCCC1)=O
1442,1,[C@H]34C1[C@@H](C2(C(C(=O)CC1)C(=O)C=C2)C)C(O)CC3([C@](O)(CC4)C(OC)=O)C
892,0,CC(=O)OCOC(=O)C1N2C(SC1(C)C)C(NC(=O)Cc3ccccc3)C2=O
1903,1,C1=C(C=C(C=C1OCC2CNC(O2)=O)C)C
824,0,CC(=O)O[C@@]12CO[C@@H]1C[C@H](O)[C@]3(C)[C@@H]2[C@H](OC(=O)c4ccccc4)[C@]5(O)C[C@H](OC(=O)[C@H](O)[C@@H](NC(=O)OC(C)(C)C)c6ccccc6)C(=C([C@@H](O)C3=O)C5(C)C)C
206,1,c12[C@]34[C@@]56[C@H]([N@@](CC7CC7)CC4)Cc2ccc(c1O[C@H]3[C@](OC)([C@H](C5)[C@](C(C)(C)C)(C)O)CC6)O
633,0,C[C@H]1CN(C[C@@H](C)N1)c2c(F)c(N)c3C(=O)C(=CN(C4CC4)c3c2F)C(O)=O
1387,1,[C@@H]45N([C@@H](CC(NC(=O)C1=CN(C2=C(C1=O)C=CC=C2)C3CCCCC3)C4)CC5)C
1463,1,C(C(COC(C(Cl)(Cl)Cl)O)(COC(C(Cl)(Cl)Cl)O)COC(C(Cl)(Cl)Cl)O)OC(C(Cl)(Cl)Cl)O
1405,1,C1=C(C=CC2=C1C=CC=C2)CC([NH2+]C)=NC.[Cl-]
1414,1,[C@@]127C3=C4C[C@H]([C@@H]1C=C[C@@H]([C@@H]2OC3=C(C=C4)OC(C5=CN=CC=C5)=O)OC(C6=CN=CC=C6)=O)N(C)CC7
1936,1,C2=C(C(C1=CC=CC=C1)(CCN(C)C)C(CC)=O)C=CC=C2
197,1,CCCC(C)C1(CC=C)C(=O)NC(=O)NC1=O
249,1,CCCCNC(=O)OCC(C)(CCC)COC(N)=O
891,0,CN(C)[C@H]1[C@@H]2C[C@H]3C(=C(O)c4c(O)cccc4[C@@]3(C)O)C(=O)[C@]2(O)C(=O)\C(=C(/O)NCN5CCCC(C5)C(O)=O)C1=O
411,1,c1ccccc1
1897,1,C2=C(C1(C(N(C(NC1=O)=O)C)=O)CC)C=CC=C2
1060,1,[C@]235[C@]([C@H](N(CC1CCC1)CC2)CC4=C3C=C(O)C=C4)(CCCC5)O
2026,1,[C@]34([C@H]([C@H]2[C@]([C@@]1(C(=CC(=O)C=C1)CC2)C)(F)[C@H](C3)O)C[C@H]([C@@]4(C(COC(C)=O)=O)O)OC(C)=O)C
847,0,CN(C)C1C2CC3C(=C(O)c4c(O)cccc4C3(C)O)C(=O)C2(O)C(=O)\C(=C(/O)NCN5CCN(CC5)C(=N)N=C(N)N)C1=O
293,1,Cc1ncc(n1CCO)[N+]([O-])=O
1694,1,C1=CC(=CC=C1C3(CCN(CCCC(C2=CC=C(F)C=C2)=O)CC3)C(N(C)C)=O)Cl
1977,1,[C@@]23(F)C1(C(=CC(=O)C=C1)[C@@H](F)CC2C5C(CC3O)([C@]4(C(=O)COC(=O)CC)OC(O[C@@H]4C5)(C)C)C)C
1062,1,C1=NC3=C([N]1CCNC(C(C2=CC=CC=C2)O)C)C(N(C)C(N3C)=O)=O
297,0,[Br-].CC(C)[N+](C)(CCOC(=O)C1c2ccccc2Oc3ccccc13)C(C)C
211,0,Clc1ccc(COC(Cn2ccnc2)c3ccc(Cl)cc3Cl)cc1
856,0,CO[C@H]1[C@@H](CC(=O)O[C@H](C)C/C=C/C=C/[C@H](O)[C@H](C)C[C@H](CC=O)[C@@H]1O[C@@H]2O[C@H](C)[C@@H](O[C@H]3C[C@@](C)(O)[C@@H](OC(=O)CC(C)C)[C@H](C)O3)[C@@H]([C@H]2O)N(C)C)OC(C)=O
1625,1,C2=C(C(C1=CC=CC=C1)OCCNC)C(=CC=C2)C
674,0,CN(C)Cc1oc(cc1)CSCCNC=1NC=C(CN1)Cc1cnc(cc1)C
1228,1,C2=C(\C(NCCCC)=C\1C=C(Cl)C=CC1=O)C(=CC=C2)Cl
28,1,CN1CCN(CC1)C2=C3C=CC=CC3=Nc4ccc(Cl)cc4N2
1987,1,C3=C(N2C1=C([NH]N=C1N(C(=O)CC2=O)C)C)C=CC=C3
375,0,CN1C(CSCC(F)(F)F)Nc2cc(Cl)c(cc2[S]1(=O)=O)[S](N)(=O)=O
1363,1,C1=C(C=CC=C1O)NC(C)=O
1883,1,C13(C4=C(C(C2=C1C=CC=C2)CC3)C=CC=C4)C[C@H](CNC)O
857,0,CC1=C(COC(=O)[C@@H]2N3[C@H](SC2(C)C)[C@H](NC(=O)[C@H](N)c4ccccc4)C3=O)OC(=O)O1
2035,1,CC4CC3C2CC(F)C1=CC(=O)C=CC1(C)C2(F)C(O)CC3(C)C4(O)C(=O)CCl
1896,1,C2=C(C1(C(N(C)C(N1)=O)=O)CC)C=CC=C2
774,0,Nc1scc(n1)\C(=N\OCC(O)=O)C(=O)N[C@H]2[C@H]3SCC(=C(N3C2=O)C(O)=O)C=C
825,0,CCC(C(=O)NC\C=C\C=C(/C)C(OC)C(C)C1OC(\C=C\C=C\C=C(/C)C(=O)C2=C(O)N(C)C=CC2=O)C(O)C1O)C3(O)OC(\C=C\C=C\C)C(C)(C)C(OC4OC(C)C(OC5OC(C)C(OC)C(O)C5OC)C(OC)C4O)C3O
1148,1,C1=NC2=C([N]1CC(C)=O)C(N(CCCC)C(N2CCCC)=O)=O
1244,1,[C@@]23(Cl)C1(C(=CC(=O)C=C1)[C@@H](F)CC2C5C(CC3Cl)([C@]4(C(=O)CO)OC(O[C@@H]4C5)(C)C)C)C
788,0,COC1=C(N3C(SC1)C(NC(=O)C(N)C2C=CCC=C2)C3=O)C(O)=O
1365,1,C2=C(N(CC1=CC=CS1)CCN(C)C)N=CC=C2
812,0,CCC1C(=O)N(CC(=O)N(C(C(=O)NC(C(=O)N(C(C(=O)NC(C(=O)NC(C(=O)N(C(C(=O)N(C(C(=O)N(C(C(=O)N(C(C(=O)N1)C(C(C)CC=CC)O)C)C(C)C)C)CC(C)C)C)CC(C)C)C)C)C)CC(C)C)C)C(C)C)CC(C)C)C)C
440,1,c1(ccc(c(c1)Cl)Cl)CC(N1[C@@H](CN2CCCC2)CC(CC1)(C)C)=O
1548,1,C3=C(C1=C([N]2C(=N1)C=CC=C2)CN(C(CCC)=O)C)C=CC(=C3)Cl
1479,1,C2=C(N1CCN(C)CC1)N=NC3=C2N(C4=C(O3)C=CC=C4)C
1720,1,C2=C(C1CCNCC1)OC3=C2C=C(OC)C=C3Br
1711,1,[H+].C1=CC3=C([N]1N(C2=CC=NC=C2)CCC)C=CC=C3.[Cl-]
1120,1,CNC(=O)CCN1CCN(CCC=C2c3ccccc3Sc3ccc(cc23)Cl)CC1
435,1,ClCCl
1781,1,[C@H](CCOC1=CC=CC2=CC=CC=C12)(C3=CC=CC=C3)N(C)C
769,0,CO\N=C(C(=O)NC1[C@H]2SCC(=C(N2C1=O)C(O)=O)\C=C/c3scnc3C)\c4csc(N)n4
1489,1,C(N1C(CCC1)=O)C(NCCN(C(C)C)C(C)C)=O
923,0,COCOC(=O)[C@@H]1N2[C@H](SC1(C)C)[C@H](N3C(=O)C(NC3(C)C)c4ccccc4)C2=O
352,0,O.O.CN(C)[C@H]1[C@@H]2[C@@H](O)[C@H]3C(=C(O)c4c(O)cccc4[C@@]3(C)O)C(=O)[C@]2(O)C(=O)\C(=C(N)/O)C1=O
1597,1,C1=C(OC)C(=CC3=C1C2N(CC(CC(C)C)C(C2)=O)CC3)OC
228,0,CC1=C(N2[C@H](SC1)[C@H](NC(=O)[C@H](N)C3=CCC=CC3)C2=O)C(O)=O
190,1,CCC(=O)c1ccc2Sc3ccccc3N(CC(C)N(C)C)c2c1
1662,1,C(=C)OC=C
528,1,CN(C)CCCN1c2ccccc2Sc3ccc(Cl)cc13
27,1,CN(C)C(=O)Cc1n2cc(C)ccc2nc1c3ccc(C)cc3
1708,1,C3=C(C(OC1C2CCN(C1)CC2)=O)C=CC=C3
322,0,CN[C@H]1[C@H](O)[C@@H](O)[C@H](CO)O[C@H]1O[C@H]2[C@@H](O[C@@H](C)[C@]2(O)C=O)O[C@H]3[C@H](O)[C@@H](O)[C@H](N=C(N)N)[C@@H](O)[C@@H]3N=C(N)N
1773,1,C1=C(C#N)C=CC3=C1N(C2=C(C=CC=C2)S3)CC(CN(C)C)C
1520,1,C1=CC=CC=C1CC2(C3(C(C)(C)C(C2)CC3)C)OCCN(C)C
1425,1,C1=C[NH]C2=C1C(=NC=N2)NCCCCCCCCC
1970,1,C1=CSC2=C1C(C3=C(CC2)C=CC=C3)=C4CCN(CC4)C
1096,1,C1=C(Cl)C=CC2=C1C(=NC(O)C(N2CCC#N)=O)C3=CC=CC=C3F
224,1,CN1CCN(CC/C=C/2c3ccccc3Sc4ccc(cc24)[S](=O)(=O)N(C)C)CC1
636,1,OCCN1CCN(CC\C=C/2c3ccccc3Sc4ccc(cc24)C(F)(F)F)CC1
133,0,CC(C)(C)NCC(O)COc1cccc2NC(=O)CCc12
79,1,N1(Cc2cc(OCCCNc3oc4ccccc4n3)ccc2)CCCCC1
382,0,COc1ccc(C[C@H](N)C(=O)NC2[C@@H](O)[C@@H](O[C@@H]2CO)n3cnc4c(ncnc34)N(C)C)cc1
763,0,Cc1sc(SCC2=C(N3[C@H](SC2)[C@H](NC(=O)CN4C=C(Cl)C(=O)C(=C4)Cl)C3=O)C(O)=O)nn1
1653,1,C(C(C(N)=O)(CCC)CCC)CC
1549,1,N#Cc5ccc4Oc1ccccc1C2=C(CCN(CC2)CC3CCCC3)c4c5
700,1,COc1ccc2Sc3ccccc3N(C[C@H](C)CN(C)C)c2c1
1467,1,C2=C(C1C(C)NCCO1)C=CC=C2
1724,1,C1=CC(=CC=C1C3(CCN(CCCC(C2=CC=C(C=C2)F)=O)CC3)OC(CCCCCCCCC)=O)Br
1451,1,[C@]34([C@H]([C@H]2[C@@H]([C@@]1(C(=CC(=O)C=C1)[C@H](C2)F)C)[C@H](C3)O)C[C@H]([C@@]4(C(COC(C)=O)=O)O)C)C
2005,1,C(C([S](CC)(=O)=O)([S](CC)(=O)=O)C)C
1894,1,C1=CC(=CC(=C1OC)OC)CCN2CCN(CC2)C3=CC(=CC=C3)Cl
239,0,FC1=CNC(=O)NC1=O
1690,1,C1=CC(=NC2=C1C(C(=CN2CC)C(O)=O)=O)CC3=CC=CC=C3
806,0,CC[C@H]1OC(=O)[C@H](C)[C@@H](O[C@H]2C[C@@](C)(OC)[C@@H](O)[C@H](C)O2)[C@H](C)[C@@H](O[C@@H]3O[C@H](C)C[C@@H]([C@H]3O)N(C)C)[C@@](C)(C[C@@H](C)C(=O)[C@H](C)[C@@H](O)[C@]1(C)O)OC
457,1,CCc1ccccc1
1330,1,[C@@H]14C(=C[C@H](NC(N(CC)CC)=O)CN1C)C2=CC=CC3=C2C(=C[NH]3)C4
1069,1,C1=C(C(OC(N)=O)C#C)C=CC=C1
1154,1,C2=C(CC1=CN=C[NH]1)C(=C(C=C2)C)C
2014,1,C1=C([S](C)(=O)=O)C=CC(=C1C(NCCN(CC)CC)=O)OC
1321,1,[C@H]23[C@@]([C@@]1(C(=CC(=O)C=C1)CC2)C)([C@H](C[C@]4([C@H]3CC[C@@]4(C(COC(C)=O)=O)O)C)O)F
1581,1,C1=NC5=C([N]1CCN4CCC(C2=C[NH]C3=C2C=CC=C3)CC4)C(N(C)C(N5C)=O)=O
261,0,CN1C2CCC1CC(C2)OC(=O)C(O)c3ccccc3
572,0,CN1C(=C(/O)Nc2sc(C)cn2)/C(=O)c3ccccc3[S]1(=O)=O
266,0,CC(C)Cc1ccc(cc1)C(C)C(O)=O
1170,1,C1=NC2=C([N]1CCN(C)C)C(N(C)C(N2C)=O)=O
855,0,CC1(C)S[C@@H]2[C@H](NC(=O)C(C)(C)Oc3ccccc3)C(=O)N2[C@H]1C(O)=O
198,1,[H+].[Cl-].Clc1ccc2Sc3ccccc3N(CCCN4CCC5(CC4)NC(=O)CS5)c2c1
986,1,C1=CC=C3C2=C1C(N(CC(O)=O)C(C2=CC=C3)=O)=O
726,0,FC(F)(F)[C@]1(OC(=O)Nc2ccc(Cl)cc12)C#CC3CC3
1510,1,C1=CC=CC3=C1C(C2=C(C=CC=C2)S3)=CCCN(C)C
1456,1,CC(C(C(OC(N)=O)C)C)OC(N)=O
750,0,NCCC(O)CNC1CC(N)C(OC2OC(CN)C(O)C(O)C2O)C(O)C1OC3OC(CO)C(O)C(N)C3O
177,0,NC(CO)(CO)CO
1833,1,C1=CC=CC(=C1N3CCN(CCCC(C2=CC=C(F)C=C2)=O)CC3)OC
1299,1,[C@]34([C@H]([C@H]2[C@@H]([C@@]1(C(=CC(=O)CC1)CC2)C)[C@@H](O)C3)CC[C@]4(O)C(=O)COC(=O)CCC(O)=O)C.O
1453,1,[C@@H]3([C@H](COC1=CC=C2C(=C1)OCO2)CNCC3)C4=CC=C(C=C4)F
820,0,CNCC(O)c1ccc(OC(=O)C(C)(C)C)c(OC(=O)C(C)(C)C)c1
1821,1,C1=CC(=CC=C1C(NCCCN2CCOCC2)=O)Cl
20,1,Nc1nnc(c(N)n1)c2cccc(Cl)c2Cl
1004,1,COc2cc1oc(=O)c(C)c(C)c1cc2OCCCN3CCN(CC3)c4ccccc4OC
593,1,c1cc(ccc1CCCC(OC(C)(C)C)=O)N(CCCl)CCCl
1352,1,CNC(NC(C(Cl)(Cl)Cl)O)=O
432,1,CCC(C)=O
1470,1,C1(=CC=CC=C1)OC2=CC=CC=C2C(=O)[O-]
1487,1,C(NC(C(C)(C)C)=O)CCC(O)=O
1072,1,C2=C(C(CCCN1CCC(OC(NC(C)C)=O)CC1)=O)C=CC(=C2)F
381,0,CC1OC(O[C@H]2CC[C@]3(C)[C@H]4CC[C@]5(C)[C@H](CC[C@]5(O)[C@@H]4CCC3=C2)C6=COC(=O)C=C6)C(O)C(O)C1O
1269,1,C2=C(OC1CN(C(NC)=O)C1)C=CC=C2C(F)(F)F
1991,1,C1=C(Cl)C=CC\3=C1C=C(N2CCN(C)CC2)C4=C(C3=C/C#N)C=CC=C4
1319,1,C1=C(C)ON=C1C(NNCC2=CC=CC=C2)=O
172,1,CO[C@@H]([C@@H]1Cc2cc3cc(O[C@H]4C[C@@H](O[C@H]5C[C@@H](O)[C@H](O)[C@@H](C)O5)[C@H](O)[C@@H](C)O4)c(C)c(O)c3c(O)c2C(=O)[C@H]1O[C@H]6C[C@@H](O[C@H]7C[C@@H](O[C@H]8C[C@](C)(O)[C@H](O)[C@@H](C)O8)[C@H](O)[C@@H](C)O7)[C@H](O)[C@@H](C)O6)C(=O)[C@@H](O)[C@@H](C)O
362,1,CC1=C(CCN2CCC(CC2)c3noc4cc(F)ccc34)C(=O)N5CCCCC5=N1
1053,1,C2=C(C1C(NC(C1)=O)=O)C=CC=C2Br
1516,1,C1=C(C(=C(C(=N1)C)O)CO)CSSCC2=CN=C(C(=C2CO)O)C
1206,1,[H+].C2=C1OCC(OC1=C(C=C2)OCC)CNCCCC.[Cl-]
1554,1,C1=CC=NC2=C1C(C3=C2N=CC=C3)(CC4=CC=NC=C4)CC5=CN=CC=C5.O
505,1,CCC(C)C(CC)C(=O)NC(N)=O
1358,1,CC12CC3(CC(C1)(CC(C2)C3)N)C
818,0,CN[C@H]1[C@H](O)[C@@H](O)[C@H](CO)O[C@H]1O[C@H]2[C@@H](O[C@@H](C)[C@]2(O)CO)O[C@@H]3[C@@H](O)[C@H](O)[C@@H](N=C(N)N)[C@H](O)[C@H]3N=C(N)N
971,1,C1=C3C2=C(C=C1O)C=CC=C2CC(C3)N(CCC)CCC
640,1,CCC1(CCC(=O)NC1=O)c2ccccc2
1788,1,C1=CC=CC2=C1C(C3=C(C=C2)C=CC=C3)=NOCCNC
1699,1,[C@H](N(C(C(C1=CC=CC=C1)C2=CC=CC=C2)=O)C)(C3=CC=CC=C3)CN4CC[C@@H](C4)O
1462,1,C1=C(Cl)C=CC3=C1N(C2=C(C=CC=C2)S3)CCCN4CCN(CCO)CC4
997,1,C1=CC=CC=C1C(CN2CCCC2)OCCC(C)C
426,0,C[C@]12C[C@H](O)[C@@]3(F)[C@@H](CCC4=CC(=O)C=C[C@]34C)[C@@H]1C[C@@H](O)[C@]2(O)C(=O)CO
1289,1,C1=CC(=CC4=C1N(C3CCN(CCNC(C2=CC=C(F)C=C2)=O)CC3)C(N4)=O)Cl
830,0,CN(C)[C@H]1[C@@H]2C[C@H]3C(=C(O)c4c(O)cccc4[C@@]3(C)O)C(=O)[C@]2(O)C(=O)\C(=C(/O)NCN(C)CCN(C)CNC(/O)=C/5C(=O)[C@H]([C@@H]6C[C@H]7C(=C(O)c8c(O)cccc8[C@@]7(C)O)C(=O)[C@]6(O)C5=O)N(C)C)C1=O
1142,1,C1=CC(=CC=C1C23C(C(=O)NC2=O)C3)Cl
145,1,CNC(=O)Oc1ccc2N(C)[C@H]3N(C)CC[C@@]3(C)c2c1
351,1,[Ca++].NC1=NC(=O)C2=C(NCC(CNc3ccc(cc3)C(=O)N[C@@H](CCC([O-])=O)C([O-])=O)N2C=O)N1
1601,1,C(C2(C1CCCC=C1)C(NC(=S)NC2=O)=O)C=C
176,0,COc1cc(NCc2ccc3nc(N)nc(N)c3c2C)cc(OC)c1OC
150,0,CC1(C)S[C@@H]2[C@H](NC(=O)COc3ccccc3)C(=O)N2[C@H]1C([O-])=O
383,0,NC(=O)c1ncn(n1)[C@@H]2O[C@H](CO)[C@@H](O)[C@H]2O
1916,1,C1=CC(=CC3=C1[N]2C(=CN=C2C)CN=C3C4=CC=CC=C4F)Cl
1151,1,[C@H]34[C@H]2[C@@](F)([C@@]1(C(=CC(=O)C=C1)CC2)C)[C@@H](O)C[C@@]3([C@](O)([C@H](O)C4)C(=O)C)C
1399,1,[C@H]23C1=C(C=C(C(CCCCCC)(C)C)C=C1O)OC([C@@H]2CCC(C3)=O)(C)C
1836,1,C1=C(Cl)C=CC2=C1C(=NCC(=O)N2C)C3=CC=CC=C3F
1419,1,C(C(COC(N)=O)(C(CC)C)C)OC(NC(C)C)=O
1360,1,C1=C(OC)C=CC3=C1C(C2=C(C=CC=C2)S3)(CCCN(C)C)O
320,1,CC(C)NCC(O)c1ccc(N[S](C)(=O)=O)cc1
1367,1,C(C1(C(NC(=S)NC1=O)=O)C(CCC)C)CSC
1689,1,CNCCCC2(C)C(=O)N(c1ccccc1)c3ccccc23
379,0,CC(=O)[C@H]1CC[C@H]2[C@@H]3CCC4=CC(=O)CC[C@]4(C)[C@H]3CC[C@]12C
965,1,[C@]12(OC(O[C@@H]1CC3C2(CC(O)C4(F)C3CCC5=CC(=O)C=CC45C)C)C=C)C(=O)CO
1710,1,C1=CC(=CC=C1)CC(N(C)CC2=CC=CC=C2)C
866,0,CC(CN(C)C)OC(C)(c1ccccc1)c2ccc(Cl)cc2
344,1,Cc1onc(N[S](=O)(=O)c2ccc(N)cc2)c1
259,0,NC(N)=N\N=C\c1c(Cl)cccc1Cl
611,1,Clc1ccc2n3cnnc3CN=C(c4ccccc4)c2c1
1984,1,C2=C(C(C(N1CCCC1)CCC)=O)C=CC(=C2)C
805,0,CC(=O)C1=C(O)[C@]2(O)[C@@H](Cc3c(C)c4ccc(C)c(O)c4c(O)c3C2=O)[C@@H](N)C1=O
1875,1,C1=CN=CC=C1C(NNC(C)C)=O
1989,1,[C@H]2(CNC(C1=C(C=CC(=C1OC)Br)OC)=O)N(CCC2)CC
456,1,CCO
1478,1,C3=C(C(C1=CC=CC=C1)(C(OCCN2CCCCC2)=O)O)C=CC=C3
250,1,OCC1OC(C(O)C1O)N2C=CC(=O)NC2=O
438,1,FC(F)OC(F)(F)C(F)Cl
2011,1,C1=CC=CC(=C1CC2=CC=CS2)OCC3OCCNC3.O=C(O)\C=C/C(=O)O
801,0,[Na+].CC(=O)OCC1=C(N2[C@@H](SC1)[C@@H](NC(=O)CC#N)C2=O)C([O-])=O
543,0,c1(CC(N2[C@H](CN(CC2)C(=O)C)C[N@]2CC[C@H](O)C2)=O)cc(ccc1)N(=O)=O
135,0,CC(=O)OCC1=C(N2[C@H](SC1)[C@H](NC(=O)CSc3ccncc3)C2=O)C(O)=O
1113,1,[C@H]24[C@H]1[C@@]([C@](C(CO)=O)(O)CC1)(C[C@@H]([C@@H]2[C@@]3(C(=CC(=O)C=C3)C(=C4)Cl)C)O)C
1933,1,C1=CC(=C3C2=C1CC6C4C2(C(O3)C(CC4)OC(C5=CN=CC=C5)=O)CCN6C)OC
340,1,c1ccc(c(c1)[C@H](CC=C)N)c1c2c(on1)cccc2
973,1,[C@@H]23[C@H]([C@H]1[C@]([C@@H](C(C)=O)CC1)(C)CC2=O)CC[C@@H]4[C@@]3(CC[C@H](C4)O)C
62,1,c1(nc(NC(N)=[NH2])sc1)CSCCNC(=[NH]C#N)NC
1576,1,C1=C(C=CC=C1C2=NN(C)C(N2C)=S)F
1641,1,C1=C(C(=C(C=C1C(NCC(N(CC)CC)=O)=O)OC)OC)OC
587,1,COC(=O)c1ccc(cc1)C(=O)OC
1130,1,CC2(CC(OC(C1NC(=O)CC1)=O)CC(C2)C)C
811,0,CC1(C)S[C@@H]2[C@H](NC(=O)C3(N)CCCCC3)C(=O)N2[C@H]1C(O)=O
1868,1,[C@@]125C3=C4C[C@H]([C@@H]1CCC([C@@H]2OC3=C(C=C4)O)=O)N(C)CC5
1797,1,CC13CCCCCC(Cc2ccc(O)cc12)C3N
1203,1,C1=NC2=C([N]1CCN(CC)CC)C(N(C)C(N2C)=O)=O
77,0,CN(C)Cc1oc(CSCCNC2C([N+]([O-])=O)=CC=N2)cc1
50,1,O=C1N(CCC1)CCCCN2CCN(CC2)c3cc(C(F)(F)F)ccn3
41,1,CN1[C@H]2CCC[C@@H]1CC(C2)NC(=O)c3nn(C)c4ccccc34
581,1,CN1C(=O)CN=C(c2ccccc2)c3cc(Cl)ccc13
1806,1,[C@@]4([C@@]3([C@H]([C@H]2[C@]([C@@]1(C(=CC(=O)C=C1)[C@H](C2)F)C)(F)[C@H](C3)O)CC4)C)(C(COC(C)=O)=O)OC(CCC)=O
913,0,COC1C=COC5(C)Oc4c(C)c(O)c3c(O)c(NC(=O)C(=CC=CC(C)C(O)C(C)C(O)C(C)C(OC(C)=O)C1C)C)c(C=NN2CCN(C)CC2)c(O)c3c4C5=O
827,0,CC1(C)S[C@@H]2[C@H](NC(=O)[C@H](N)C3=CCC=CC3)C(=O)N2[C@H]1C(O)=O
1432,1,C1=C(Cl)C=CC3=C1\C(C2=C(C=CC=C2)S3)=C\C4C5CCN(C4)CC5
1986,1,C1=C(Cl)C(=C(C=C1)C)NC(=O)/C=C/2SCC(=O)N2C
600,1,c1(ccc(c(c1)Cl)Cl)CC(=O)N1[C@H](C[N@@](C)CC1)CN1CCCC1
719,1,[O-][N+](=O)c1ccc2NC(=O)CN=C(c3ccccc3)c2c1
1663,1,[C@]2(OC1=C(C(=C(C(=C1CC2)C)O)C)C)(CCC[C@@H](CCC[C@@H](CCCC(C)C)C)C)C
138,1,CN1CCN(CC1)C2=Nc3ccccc3Cc4ccccc24
1888,1,C3=C(N2CCN(C\C=C\C1=CC=CC=C1)CC2)N=NC(=C3)Cl
1469,1,C1=CC=CC=C1C2C(N(C)C(C2)=O)=O
1061,1,[C@@H]34C1=CC=CC2=C1C(=C[NH]2)C[C@H]3N(C[C@@H](C4)C(N(C(NCC)=O)CCCN(C)C)=O)CC=C
286,0,CN(C)C1C2C(O)C3C(=C)c4c(Cl)ccc(O)c4C(=C3C(=O)C2(O)C(=O)\C(=C(N)/O)C1=O)O
876,0,CCC1NC(=O)C(NC(=O)c2ncccc2O)C(C)OC(=O)C(NC(=O)C3CC(=O)CCN3C(=O)C(Cc4ccc(cc4)N(C)C)N(C)C(=O)C5CCCN5C1=O)c6ccccc6
676,1,n1(c(c2nc[nH]c2n(c1=O)C)=O)C
693,0,NCCCNCCS[P](O)(O)=O
1927,1,C1=C4C(=C2C(=C1)C=CC=C2)CC3CN(C)CC(C3(O4)O)C
1553,1,C1=CC=CC3=C1C4=C(C2=C(C=CC=C2)C3)CN(C)CC4
1353,1,[C@@]23(Cl)C(C1C([C@](O)([C@@H](C1)C)C(=O)CO)(CC2Cl)C)CCC4=CC(=O)C=CC34C
1815,1,C3=C(C2(C1=CC=CC=C1)C(NCN2)=O)C=CC=C3
780,0,NCc1ccccc1CC(=O)N[C@H]2[C@H]3SCC(=C(N3C2=O)C(O)=O)CSc4nnnn4CC(O)=O
1317,1,CSC1=C(N=C(N=C1N2CCN(C)CC2)NC(C)C)Cl
335,1,CN1CCN2C(C1)c3ccccc3Cc4cccnc24
330,0,C[C@]12CC[C@H]3[C@@H](CCC4=CC(=O)CC[C@H]34)[C@@H]1CC[C@@]2(O)C#C
586,1,CC(CN1CCN(CCOCCO)CC1)CN2c3ccccc3Sc4ccccc24
140,1,CCOC(=O)C1(CCN(C)CC1)c2ccccc2
1856,1,[C@]234C1=C(C=CC(=C1O[C@H]2C[C@@H](O)C=C3)OC)CN(CC4)C
1531,1,C1=CC=CC=C1C2=NCC(NC3=C2[N](N=C3C)CC)=O
1214,1,C3=C(C(N1CCN(CC1)CCOCCOCCO)C2=CC=CC=C2)C=CC(=C3)Cl.O=C(O)\C=C\C(O)=O
188,0,Clc1ccc2N(C3CCN(CCCN4C(=O)Nc5ccccc45)CC3)C(=O)Nc2c1
1065,1,C1=C(C(=CC=C1C(/CCCCC)=N\OCCN)C)N
762,0,[Na+].Cn1nnnc1SCC2=C(N3[C@H](SC2)[C@H](NC(=O)CSC(F)(F)F)C3=O)C([O-])=O
878,0,CO[C@@]12[C@H](COC(N)=O)C3=C(N1C[C@@H]4N[C@H]24)C(=O)C(=C(N)C3=O)C
1382,1,C1(=NC(NC1(C(F)(F)F)C(F)(F)F)(C(F)(F)F)C(F)(F)F)N
887,0,COC1CC(OC(C)C1O)O[C@H]2[C@H](C)[C@@H](OC3OC(C)CC(C3O)N(C)C)[C@@H](C)C[C@]4(CO4)C(=O)[C@H](C)[C@@H](O)[C@@H](C)[C@@H](C)OC(=O)[C@@H]2C
1746,1,C1=C(C#N)C=CC3=C1N(C2=C(C=CC=C2)CC3)CCCN(C)C
1951,1,C1=CC=CC2=C1N(C(CO2)=O)CC(N)=O
618,1,c1cc(CCN(C)C)ncc1
898,0,CC1(C)SC2C(N([C@H](C(=O)NC(=O)CN)c3ccccc3)C(=N)c4ccncc4)C(=O)N2C1C(O)=O
1421,1,NC(=N)c1ccc(o1)c2ccccc2N(=O)=O
1264,1,C1=C(C(F)(F)F)C=CC3=C1N(C2=C(SC=C2)S3)CCCN4CCN(CCO)CC4
1220,1,C1=C(N=C2[N]1C(=C(CC)C(=N2)OC)C)C3=NOC(=N3)C
1853,1,C1=CC(=CC=C1N2C4(C(NC2)=O)CCN(CCCC(C3=CC=C(F)C=C3)=O)CC4)F
582,1,COc1ccc2C[C@@H]3[C@@H]4CC[C@H](O)[C@@H]5Oc1c2[C@]45CCN3C
608,1,Fc1ccc(cc1)C(=O)CCCN2CCC(=CC2)N3C(=O)Nc4ccccc34
564,1,ClC(Cl)Cl
1723,1,C1=C(Br)C(=CC(=C1C(NCCN(CC)CC)=O)OC)N
714,1,Cc1ccc(cc1)C2(O)CCN(CCCC(=O)c3ccc(F)cc3)CC2
213,0,CN[C@@H](C)[C@H](O)c1ccccc1
1013,1,[C@@H](C(NCC(N(C1=CC=C(C=C1C(C2=CC=CC=C2)=O)Cl)C)=O)=O)(CCCCN)N
181,0,Nc1ccc(cc1)[S](=O)(=O)c2ccc(N)cc2
1618,1,C4=C(N3CCN(CCCCN2C(C1=C(C=CC=C1)NC2=O)=O)CC3)C(=CC=C4)SCCC
1439,1,C1=CC=CC3=C1N(C2=C(C=CC=C2)CC3=O)C(N)=O
407,1,CCC(C)CC
1842,1,[C@@]45([C@@]3([C@H]([C@H]2[C@]([C@@]1(C(=CC(=O)C=C1)[C@H](C2)F)C)(F)[C@H](C3)O)C[C@H]4OC(O5)(C)C)C)C(CO)=O
1584,1,C4=C(C(N2CCN(CC(C1=CC=C(C(=C1)OC)OC)O)CC2)C3=CC=CC=C3)C=CC=C4
1376,1,C1=C(OC)C=CC3=C1C(=CC2=C(C=CC=C2)O3)N4CCN(C)CC4
1503,1,C1=CC=CC=C1CC(N2CCCC2)CCC
21,1,CCCC(C)C
752,0,CC1(C)S[C@@H]2[C@H](NC(=O)C(C(=O)Oc3ccccc3)c4ccccc4)C(=O)N2[C@H]1C(O)=O
1771,1,CC4CC3C2CC(F)(F)C1=CC(=O)C=CC1(C)C2(F)C(O)CC3(C)C4(O)C(=O)COC(C)=O
168,1,CCN(CC)CCOC(=O)c1ccc(N)cc1
107,0,O.O.O.CC1(C)S[C@@H]2[C@H](NC(=O)[C@H](N)c3ccc(O)cc3)C(=O)N2[C@H]1C(O)=O
36,1,CCOC(=O)c1cncn1C(C)c2ccccc2
1312,1,[C@@H]2(C1=CC=CC=C1[C@H](NC)C2)C3=CC=C(Cl)C(=C3)Cl.[H+].[Cl-]
16,1,CCN1N=NN(CCN2CCC(CC2)(COC)N(C(=O)CC)c3ccccc3)C1=O
2034,1,C1=C2C(=CC=C1)N(C(Cl)(CN=C2C3=CC=CC=C3Cl)CO)C
23,0,c1cc2c(cc(CC3=CNC(=NC3=O)NCCSCc3oc(cc3)CN(C)C)cc2)cc1
810,0,CN(C)[C@H]1[C@@H]2C[C@H]3C(=C(O)c4c(O)ccc(Cl)c4[C@@]3(C)O)C(=O)[C@]2(O)C(=O)\C(=C(/O)NCO)C1=O
185,0,CC\C(c1ccc(O)cc1)=C(\CC)c2ccc(O)cc2
793,0,CO/N=C(C(=O)N[C@H]1[C@H]2SCC(=C(N2C1=O)C(O)=O)CSC(=O)c3occc3)/c4csc(N)n4
2051,1,[O+]1=N[N](C=C1[N-]C(NC2=CC=CC=C2)=O)C(CC3=CC=CC=C3)C
126,0,Cc1c(O)cccc1C(=O)N[C@@H](CSc2ccccc2)[C@H](O)CN3C[C@H]4CCCC[C@H]4C[C@H]3C(=O)NC(C)(C)C
498,1,CC(C)(C)c1ccc(CN2CCN(CC2)C(c3ccccc3)c4ccc(Cl)cc4)cc1
327,0,C[C@]12CC[C@H]3[C@@H](CCC4=CC(=O)CC[C@H]34)[C@@H]1CC[C@@H]2O
1191,1,C1=C(C2=C(C=C1)C=CO2)N5CCN(CC3=CC=C([NH]3)C4=CC=C(C=C4)F)CC5
1391,1,C1=CC=CC3=C1N(C2=C(C=CC=C2)C3(C)C)CCCNC
1976,1,C1=C(C(=CC=C1C#N)OC)C(NCCN3CCC(C(C2=CC=C(F)C=C2)=O)CC3)=O
161,1,OCC[C@@H]1CCN(CC\C=C2/c3ccc(F)cc3Sc4ccc(cc24)C(F)(F)F)CC1
1400,1,C2=C(C(C[N]1C=CN=C1)=O)C=CC3=CC=CC=C23
1256,1,C1=C(C(F)(F)F)C=CC3=C1N(C2=C(C=CC=C2)S3)CCCN4CCN(CCOC(CCCCCC)=O)CC4
1343,1,C2=C(C(C1C(=CC(O1)=O)OC)O)C(=CC=C2)Cl
310,0,C[C@](N)(Cc1ccc(O)c(O)c1)C(O)=O
1975,1,C1=C2C(=C([N]1C)C)C(=NCC(N2)=O)C3=CC=CC=C3
1943,1,[C@]235[C@]([C@H](N(CC1CC1)CC2)CC4=C3C=C(O)C=C4)(CCCC5)O
649,0,n1c(csc1\[NH]=C(\N)N)c1cccc(c1)NC(C)=O
2032,1,CC1(C(N(C(O1)=O)C)=O)C
1211,1,[H+].C2=C1C(OC(=NC1=CC=C2Cl)NCC)(C3=CC=CC=C3)C.[Cl-]
609,1,CC\C(=C/C)C(=O)NC(N)=O
405,0,CN(C)[C@H]1[C@@H]2C[C@H]3C(=C(O)c4c(O)cccc4[C@@]3(C)O)C(=O)[C@]2(O)C(=O)\C(=C(N)/O)C1=O
520,0,c1(CC(N2[C@H](CN(CC2)C(=O)C)C[N@]2CC[C@H](C2)O)=O)cc(ccc1)OC
1307,1,C1=C3C(=CC=C1\C=C\C(N2CCCCC2)=O)OCO3
1513,1,C1=NC2=C([N]1CC(C)O)C(N(C)C(N2C)=O)=O
1124,1,C(O)C(=O)C4(O)C3(C(C2C(C1(C(=CC(=O)CC1)CC2)C)CC3)CC4)C
721,1,CNCCC=C1c2ccccc2CCc3ccccc13
1669,1,[C@H]14[C@H]([C@@H]2[C@@H]3[C@H]([C@H]1C=C2)C=C3)C(=O)N(C4=O)CCCCN6CCN(C5=NC=CC=N5)CC6
1561,1,C4=C(N1C3(C(NC1)=O)CCN(CCCOC2=CC=C(C=C2)F)CC3)C=CC=C4
1134,1,C(C2(C1=CCCCC1)C(NC(=O)NC2=O)=O)C
78,1,CO/N=C(C(=O)N[C@H]1[C@H]2SCC(=C(N2C1=O)C(O)=O)COC(N)=O)/c3occc3
1769,1,C1=C(Cl)C=CC3=C1C2(OCCN2CC(=O)N3)C4=C(Cl)C=CC=C4
64,1,CC[C@]1(O)C[C@H]2CN(CCc3c([nH]c4ccccc34)[C@@](C2)(C(=O)OC)c5cc6c(cc5OC)N(C=O)[C@H]7[C@](O)([C@H](OC(C)=O)[C@]8(CC)C=CCN9CC[C@]67[C@H]89)C(=O)OC)C1
6,1,CCN1CCN(C(=O)N[C@@H](C(=O)N[C@H]2[C@H]3SCC(=C(N3C2=O)C(O)=O)CSc4nnnn4C)c5ccc(O)cc5)C(=O)C1=O
1827,1,C2=NC1=C(CC(NC)CC1)S2
1475,1,[C@H]2(C(OC1=CC=C(NC(C)=O)C=C1)=O)NC(=O)CC2
307,0,CC[N+](C)(CC)CCOC(=O)C1c2ccccc2Oc3ccccc13
991,1,C1=C(C(=C(C=C1)C)NC(C2=CC=C(N)C=C2)=O)C
1438,1,C2=C(C1CN(CCO1)C(C)C)C=CC(=C2)C(F)(F)F
1838,1,[C@]12(F)[C@H](CC4([C@H](C1C[C@@H](C3=CC(=O)C=CC23C)F)C[C@H]([C@]4(O)C(=O)COC(=O)C(C)(C)C)C)C)O
1149,1,CC(=O)C3(O)CCC4C2CCC1=CC(=O)C=CC1(C)C2C(O)CC34C
219,1,COc1cc2CCN3CC(CC(C)C)C(=O)CC3c2cc1OC
155,0,N[S](=O)(=O)c1cc(ccc1Cl)C2(O)NC(=O)c3ccccc23
730,0,CC1(C)S[C@@H]2[C@H](NC(=O)CCC[C@@H](N)C(O)=O)C(=O)N2[C@H]1C(O)=O
796,0,CO/N=C(C(=O)N[C@H]1[C@H]2SCC=C(N2C1=O)C(O)=O)/c3csc(N)n3
1717,1,C2=C(C1=C(C=CC=C1)[N]2N(CCN(C)C)C)C3=CC=CC=C3
1826,1,C1=C(SC2=C1C(=NCC3=NN=C([N]23)C)C4=CC=CC=C4Cl)CC
757,0,CC1=C(N2[C@H](SC1)[C@H](NC(=O)[C@H](N)c3ccc(O)cc3)C2=O)C(O)=O
2003,1,C1=CC=CC=C1N2C5(C(NC2)=O)CCN(CC4OC3=C(C=CC=C3)OC4)CC5
1093,1,CC(C(C1CCCCC1)O)C
718,1,CN1CCC[C@H]1c2cccnc2
1332,1,C1=C(Cl)C=CC3=C1N(C2=CC=CC=C2)C(CCN3)=O
1483,1,C1=CC=CC2=C1C3=C(C2)CCOC3(CCN(C)C)C
238,0,Cc1onc(c1C(=O)N[C@H]2[C@H]3SC(C)(C)[C@@H](N3C2=O)C(O)=O)c4c(F)cccc4Cl
1313,1,C2=C(C1=C(C=CC1)C=C2)OCC3CNCCO3
1985,1,C1=CC=CC4=C1N(C2C3CCN(C2)CC3)C5=C(CC4)C=CC=C5
1311,1,C1=CC=CC2=C1N(C3=C(CC2)C=CC=C3)CCC[N+](C)(C)[O-]
722,1,CN(C)CCOC(c1ccccc1)c2ccccc2C
67,1,CN(C)Cc1ccnc(c2cccc(NC3C([N+]([O-])=O)=CC=N3)c2)c1
1648,1,N[C@@H](CC1=C[NH]C2=CC=CC=C12)C(=O)O
1805,1,[C@@]4([C@@]3([C@H]([C@H]2[C@]([C@@]1(C(=CC(=O)C=C1)[C@H](C2)F)C)(F)[C@H](C3)O)C[C@@H]4C)C)(C(COC(C)=O)=O)OC(C)=O
1969,1,C4Oc3ccc(CN1CCN(CC1)c2ncccn2)cc3O4
1447,1,[C@H]5(CN3CCC(C2=CC1=C(OCO1)C=C2)(CC3)O)CN(C4=CC=C(OC)C=C4)C(O5)=O
430,0,COc1ccc(CCN(C)CCCC(C#N)(C(C)C)c2ccc(OC)c(OC)c2)cc1OC
970,1,[C@@]4([C@@]3([C@H]([C@H]2[C@@H]([C@@]1(C(=CC(=O)C=C1)C[C@H]2Cl)C)[C@H](C3)O)C[C@H]4C)C)(C(COC(CC)=O)=O)OC(CC)=O
1140,1,C(C1CCCCC1)CC(OCCN(C)C)=O
209,0,O.C[C@@H]1[C@H]2[C@H](O)[C@H]3[C@H](N(C)C)C(=O)C(=C(N)/O)/C(=O)[C@@]3(O)C(=O)C2=C(O)c4c(O)cccc14
1169,1,CC1(C(NC(O1)=O)=O)C
701,1,CCC(C)(O)C#C
248,1,CC(CN(C)C)CN1c2ccccc2CCc3ccccc13
112,1,O=C1Nc2ccccc2N1C3CCN(CCOc4ccccc4)CC3
396,0,CC1C=CC=C(C(=O)NC2=C(C3=C(C(=C4C(=C3C(=O)C2=CNN5CCN(CC5)C)C(=O)C(O4)(OC=CC(C(C(C(C(C(C1O)C)O)C)OC(=O)C)C)OC)C)C)O)O)C
1761,1,C1=CC(=CC3=C1[N]2C(=CN=C2C)CN=C3C4=CC=CC=C4Cl)Cl
156,0,CCOC(=O)C(C)(C)Oc1ccc(Cl)cc1
950,1,[C@@]3(C1=CC=CS1)(N2CCCCC2)[C@H](CCCC3)C
807,0,CCC[C@@H]1C[C@H](N(C)C1)C(=O)NC(C(C)Cl)[C@H]2O[C@H](SC)[C@H](O)[C@@H](O)[C@H]2O
1719,1,[C@@H]3(N(C1=C(C=CC=C1)F)C(COC)=O)[C@@H](CN(CCN2C(N(CC)N=N2)=O)CC3)C
1764,1,C1=CC(=CC=C1OCC(NCCN(CC)CC)=O)Cl
1297,1,[C@]34([C@H]([C@H]2[C@@H]([C@@]1(C(=CC(=O)CC1)CC2)C)[C@H](C3)O)CC[C@@]4(C(COC(CN(CC)CC)=O)=O)O)C
433,1,C1CC1
413,1,OC1(CCN(CCCC(=O)c2ccc(F)cc2)CC1)c3ccc(Br)cc3
109,0,C[C@]1(O)CC[C@H]2[C@@H]3CCC4=CC(=O)CC[C@]4(C)[C@H]3CC[C@]12C
1728,1,C1=NC(=NC=C1)N4CCN(CCCCN2C(CC3(CC2=O)CCCC3)=O)CC4
690,1,CCCC(=O)Nc1ccc(OCC(O)CNC(C)C)c(c1)C(C)=O
984,1,[C@H](C(C1=CC=CC=C1)(C2=CC=CC=C2)C[C@H](N(C)C)C)(CC)O
281,0,OC[C@H]1O[C@@H](OC2=C(Oc3cc(O)cc(O)c3C2=O)c4ccc(O)c(O)c4)[C@H](O)[C@@H](O)[C@@H]1O
1212,1,C(C(N1C(CCC1)=O)C(N)=O)C
1016,1,C1=CC(=CC=C1C(CCCN2CC3N(CC2)CCC3)=O)F
1786,1,[C@@H]34CC1=C[NH]C2=CC=CC(=C12)C3C[C@@H](CN4C)CC#N
332,0,CC(CCc1ccccc1)NC(C)C(O)c2ccc(O)cc2
101,1,CC(=O)Nc1ccc(O)cc1
106,0,CCCCc1oc2ccccc2c1C(=O)c3cc(I)c(OCCN(CC)CC)c(I)c3
1542,1,C1=CC(=CC=C1C(CCCN3CCC2(C(N(C)C(C2)=O)=O)CC3)=O)F
684,1,CN1CCN=C(c2ccccc2)c3cc(Cl)ccc13
821,0,CCC(=O)O[C@H]1[C@@H](C)[C@@H](C)OC(=O)C(C)[C@@H](O[C@H]2C[C@H](OC)[C@@H](OC(=O)CC)[C@H](C)O2)[C@H](C)[C@@H](O[C@@H]3O[C@H](C)C[C@@H]([C@H]3O)N(C)C)C(C)C[C@@]4(CO4)C(=O)[C@@H]1C
465,1,CCN1C=CC(=O)C(=C1C)O
738,0,CC1(C)S[C@@H]2C(NC(=O)[C@H](NC(=O)C3=CNc4cccnc4C3=O)c5ccccc5)C(=O)N2[C@H]1C(O)=O
1146,1,C1=C(C(=CC=C1C)CC2=CC=CC=C2)N3CCNCC3
1198,1,CC3CC2C1CCC(C(C)=O)C1(C)CC(O)C2C4(C)C=CC(=O)C=C34
797,0,CO/N=C(C(=O)N[C@H]1[C@H]2SCC(=C(N2C1=O)C(O)=O)COC(C)=O)/c3occc3
419,1,c1(cc(c(cc1)Cl)Cl)CC(N1[C@@H](c2c(CC1)cccc2)CN1CCCC1)=O
589,1,Cc1ccc(C)cc1
1980,1,C1=NC=C([N]1C(C2=CC=CC=C2)C)C(OCCC)=O
1046,1,[C@H](CCCNC(C)=O)(C(O)=O)NC(C)=O
1849,1,[C@H]24[C@H]1[C@@]([C@](C(CO)=O)(O)CC1)(C[C@@H]([C@@H]2[C@@]3(C(=CC(=O)C=C3)[C@H](C4)F)C)O)C
530,1,Clc1ccc2OC(=O)Nc2c1
311,0,[Cl-].[Cl-].[Cl-].COc1cccnc1CCCCNC2=NC=C(Cc3ccc(C)nc3)C(=O)N2.[H+].[H+].[H+]
692,1,CCCSc1ccc2nc(NC(=O)OC)[nH]c2c1
117,1,C[C@@H]1[C@H]2Cc3ccc(O)cc3[C@]1(C)CCN2CC=C(C)C
1042,1,C(C2C1C(NC(N1)=O)CS2)CCCC(O)=O
896,0,CN(C)C1C2CC3C(=C(O)c4c(O)cccc4C3(C)O)C(=O)C2(O)C(=O)\C(=C(/O)NCN5CCN(CCO)CC5)C1=O
481,1,OC(CCN1CCCCC1)(C2CC3CC2C=C3)c4ccccc4
1393,1,C1=C(Cl)C=CC5=C1N(CCCN4CCC3(N2C(CCCC2)NC3=O)CC4)C6=C(CC5)C=CC=C6
1567,1,C1=CC(=CC=C1[S](NC2=NOC(=C2)C)(=O)=O)N
2041,1,C(C(C1(C(NC(=O)NC1=O)=O)C=C)C)CC
495,1,c1(ccc(c(c1)Cl)Cl)CC(N1[C@@H](c2c(CC1)occ2)CN1CCCC1)=O
1315,1,C1=CC=CC3=C1C(C2=CC=CC=C2)(C=C3)CCN(C)C
1101,1,C1=C(C(=C(C=C1)Cl)NC2=NCCO2)Cl
1837,1,[C@H]23[C@@]([C@@]1(C(=CC(=O)C=C1)[C@H](C2)F)C)([C@H](C[C@]4([C@H]3C[C@@H](C)[C@@]4(C(CO)=O)O)C)O)F
1081,1,C1=C(CN(C(=C(SC(OCC)=O)/CCOC(OCC)=O)/C)C=O)C(=NC(=N1)C)N
1911,1,[C@H]24[C@H]1[C@@]([C@](C(COC(C)=O)=O)(O)CC1)(C[C@@H]([C@@H]2[C@@]3(C(=CC(=O)C=C3)[C@H](C4)C)C)O)C
2031,1,C1=C(C=CC3=C1N(CCCN2CCN(CC2)C)C4=C(S3)C=CC=C4)C(F)(F)F
1118,1,C1=C(CC)SC2=C1C(=NCC(N2C)=O)C3=CC=CC=C3Cl
1351,1,[C@H]2(N=C(C1=C(C=CC(=C1)[N+](=O)[O-])NC2=O)C3=CC=CC=C3Cl)C
1316,1,C1=CC(=CC=C1OCC(NNC(C)C)=O)Cl
1923,1,C1=C(CC\C(CN)=C/F)C=CC(=C1)F
1929,1,C1=CC=CC=C1CN2C(CC(C2)CN)=O
742,0,CNC(=O)C[C@@H](N)C(=O)N[C@@H](C(=O)N[C@H]1[C@H]2SC(C)(C)[C@@H](N2C1=O)C(O)=O)c3ccc(O)cc3
1973,1,[C@]14([C@@](C(=O)COC(CCC(=O)[O-])=O)(CC[C@H]1[C@@H]3CCC2=CC(C=C[C@@]2([C@H]3[C@H](C4)O)C)=O)O)C.[Na+]
1074,1,C1=C(C=CC(=C1)[S](N)(=O)=O)C(O)=O
975,1,COC1(C(F)(F)C1(F)Cl)F
83,0,c1cccn2c1nc(c2)CCN
1217,1,C3=C(C2(OC(C1CCCCN1)CO2)CC)C=CC=C3
813,0,CC(C)C1NC(=O)C(NC(=O)c2ccc(C)c3OC4=C(C)C(=O)C(=C(C(=O)NC5C(C)OC(=O)C(C(C)C)N(C)C(=O)CN(C)C(=O)C6CCCN6C(=O)C(NC5=O)C(C)C)C4=Nc23)N)C(C)OC(=O)C(C(C)C)N(C)C(=O)CN(C)C(=O)C7CCCN7C1=O
695,1,CN1CCCCC1CCN2c3ccccc3Sc4ccc(cc24)[S](C)=O
1296,1,[C@H](C(NCCCC(O)=O)=O)(C(CO)(C)C)O
1157,1,C3=C(C1N2C(=NC1)NCC2)C=CC=C3
2036,1,C(C(C(N)=O)(CC)CC)C=C
1420,1,C1=CC=CC=C1C(OC2=CC=CC=C2OC)CCNC
2052,1,C1=C(OC)C(=CC2=C1C(=[N+](C(=C2CC)C)[NH-])C3=CC=C(C(=C3)OC)OC)OC
377,0,C[C@]12CC(=O)[C@H]3[C@@H](CCC4=CC(=O)C=C[C@]34C)[C@@H]1CC[C@]2(O)C(=O)CO
2006,1,C1=C([S](=O)(=O)N)C=CC(=C1C(NCC2N(CC)CCC2)=O)OC
313,0,Cc1ccc(CC2=CN=C(NCCSCc3oc(cc3)C(C)(C)N)NC2=O)cn1
208,0,COc1cccc2C(=O)c3c(O)c4C[C@](O)(C[C@H](O[C@H]5C[C@H](N)[C@H](O)[C@H](C)O5)c4c(O)c3C(=O)c12)C(=O)CO
1105,1,[C@@]24(Cl)C1(C(=CC(=O)C=C1)[C@@H](F)CC2C3C(C([C@@H](C3)C)C(=O)CO)(CC4O)C)C
1948,1,C(C)C1(C)C(=O)N(C(O1)=O)C
1793,1,[C@H]15C3=C(CCC2=C1C=CC=C2)C=CC=C3[C@H]4C[C@](C(C)C)(O)CCN4C5
2020,1,C1=CC(=CC=C1B2OCC(CCC)(C)CO2)C
1804,1,Clc1ccc(cc1)C(OCCN2CCOCC2)c3ccccc3
725,1,CCN(CC)C(=S)SSC(=S)N(CC)CC
97,1,CN1C(=O)c2c(cccc2Cl)n2cnc(c2C1)c1noc(n1)C(C)C
366,1,CC(C)(O/N=C(C(=O)N[C@H]1[C@H]2SCC(=C(N2C1=O)C([O-])=O)C[n+]3ccccc3)/c4csc(N)n4)C(O)=O
1275,1,C1=CC=CC=C1C3(C2=CC=CC=C2)C(N(CO[P](O)(O)=O)C(N3)=O)=O
5,1,Cc1onc(c2ccccc2Cl)c1C(=O)N[C@H]3[C@H]4SC(C)(C)[C@@H](N4C3=O)C(O)=O
55,1,c1(c(cc(NC(CCC)=O)cc1)C(C)=O)OCC(CNC(C)C)O
983,1,[C@]2(C1=CC=CC=C1)([C@H](CN(C)CC2)CC)OC(CC)=O
613,1,CCOC(=O)c1cnc2n(CC)ncc2c1NN=C(C)C
54,1,CC[C@]1(O)C[C@H]2CN(CCc3c([nH]c4ccccc34)[C@@](C2)(C(=O)OC)c5cc6c(cc5OC)N(C)[C@H]7[C@](O)([C@H](OC(C)=O)[C@]8(CC)C=CCN9CC[C@]67[C@H]89)C(=O)OC)C1
1639,1,[C@@]45([C@@]3([C@H]([C@H]2[C@]([C@@]1(C(=CC(=O)C=C1)CC2)C)(F)[C@H](C3)O)C[C@H]4OC(O5)(C)C)C)C(COC(C6=CC7=C(O6)C=CC=C7)=O)=O
225,1,[Cl-].N[C@@H]1C[C@H]1c2ccccc2.[H+]
1033,1,C3=C(C(SC(/CCOC(C1=CC=CC=C1)=O)=C(N(CC2=C(N=C(N=C2)C)N)C=O)/C)=O)C=CC=C3
159,0,C[C@]12C[C@H](O)[C@H]3[C@@H](CCC4=CC(=O)CC[C@]34C)[C@@H]1CC[C@@H]2C(=O)CO
1251,1,CCCCCC(=O)OCC(=O)C3C(C)CC4C2CC(F)C1=CC(=O)C=CC1(C)C2C(O)CC34C
1634,1,[C@]12(OC(O[C@@H]1CC3C2(C[C@H](Cl)[C@@]4(Cl)C3C[C@H](F)C5=CC(=O)C=CC45C)C)(C)C)C(=O)CF
591,1,NC(=O)N1c2ccccc2C3OC3c4ccccc14
1687,1,C3=C(C1=C([N]2C(=N1)C=CC(=C2)Cl)CC(N(CCC)CCC)=O)C=CC(=C3)Cl
1789,1,C1=CC(=CC=C1C(C[N]2C=CN=C2)O)CCC3=CC=CC=C3
775,0,CO/N=C(C(=O)N[C@H]1[C@H]2SCC(=C(N2C1=O)C(O)=O)CSc3nnnn3C)/c4csc(N)n4
935,0,CO[C@]1(NC(=O)C(C(O)=O)c2cscc2)[C@H]3SC(C)(C)[C@@H](N3C1=O)C(O)=O
1758,1,C1=CC=CC3=C1C(C2=C(C=CC=C2)C=C3)C(N)=O
1645,1,C1=C3C(=C(C(=C1)CNC2=CC(=C(C(=C2)OC)OC)OC)C)C(=NC(=N3)N)N
661,1,COc1ccc2C[C@@H]3[C@@H]4CCC(=O)[C@@H]5Oc1c2[C@]45CCN3C
1682,1,C1=C(CC(CC=C)N)C=CC=C1
826,0,[Cl].CC[C@H]1CN2CCc3cc(OC)c(OC)cc3[C@@H]2C[C@@H]1C[C@H]4NCCc5cc(OC)c(OC)cc45
803,0,CC(=O)OCC1=C(N2[C@H](SC1)[C@H](NC(=O)CCC[C@@H](N)C(O)=O)C2=O)C(O)=O
776,0,CO[C@]1(NC(=O)CSCC#N)[C@H]2SCC(=C(N2C1=O)C(O)=O)CSc3nnnn3C
1193,1,C1=C(C=CC=C1C(CNC(CCCO)=O)(CC)CC)OC
1440,1,C1=CC=CC=C1C[N+](C(CC2=CC=CC=C2)C)(C)[O-]
1637,1,[H+].C4=C(C2(N(C1=C(F)C=CC=C1)C(=O)CC)CCN(CC2)CCN3N=NN(C3=O)CC)C=CC=C4.[Cl-]
660,1,[H+].[H+].[Cl-].[Cl-].OCCN1CCCN(CCCN2c3ccccc3Sc4cc(ccc24)C(F)(F)F)CC1
1147,1,C3=C(C1=C2C(=NC(=O)CN1O)C=CC(=C2)Cl)C=CC=C3
1869,1,C2=C(C1(C(OCC)=O)CCN(C)CC1)C=CC=C2O
319,0,[Na+].CC(=O)Nc1c(I)c(NC(C)=O)c(I)c(C([O-])=O)c1I
654,1,CCNCc1c(O)c(C)ncc1CSC
355,0,CCOc1ccc(NC(C)=O)cc1
1993,1,COC(C(F)Br)(F)F
537,1,CN1CCCCC1CCN2c3ccccc3Sc4ccc(cc24)[S](C)(=O)=O
1320,1,C(C(C1(CCC2C4C(C(CC12C)O)(F)C3(C=CC(C=C3CC4)=O)C)O)=O)O
1677,1,[C@@H]1(CCCO1)[C@@H](CC2=CC=CC=C2)NCC
1787,1,C1=C(Cl)C=CC2=C1C(=NCC(N2)=O)C3=CC=CC=C3Cl
256,1,NC1CONC1=O
1390,1,[C@H]34[C@H]2[C@@](Cl)([C@@]1(C(=CC(=O)C=C1)CC2)C)[C@@H](O)C[C@@]3([C@](O)([C@@H](C4)C)C(=O)CCl)C
1136,1,[C@]23(C1(C(C1)CC2)[C@H](O)C[C@@H]4[C@@H]3CC[C@]5([C@H]4CC[C@@H]5C(=O)C)C)C
75,1,CCCN(CCc1c2c(c(cc1)O)NC(=O)C2)CCC
187,0,C[C@H]1O[C@H](C[C@H](O)[C@@H]1O)O[C@H]2[C@@H](O)C[C@@H](O[C@@H]2C)O[C@H]3[C@@H](O)C[C@@H](O[C@@H]3C)O[C@H]4CC[C@@]5(C)[C@H](CC[C@@H]6[C@@H]5C[C@@H](O)[C@]7(C)[C@H](CC[C@]67O)C8=CC(=O)OC8)C4
1940,1,C1=CC=CC2=C1N(C3=C(C=C2)C=CC=C3)CCCN4CCN(CCO)CC4
1702,1,C1=C(C(=NN=C1C2=CC=CC=C2)NCCN3CCOCC3)C#N
1996,1,C4=C(C(N2CCN(\N=C\C1=NC(=CC=C1)C)CC2)C3=CC=CC=C3)C=CC=C4
1834,1,CN(C)C3CCc2[nH]c1c(F)cc(F)cc1c2C3
2010,1,C3=C2C(=NC1=CSC=C1C(/C2=CS3)=C/C#N)N4CCN(C)CC4
902,0,CNCC(O)c1cccc(OC(=O)C(C)(C)C)c1
402,0,CC(C)N1CCN(CC1)c2ccc(OC[C@H]3CO[C@@](Cn4cncn4)(O3)c5ccc(Cl)cc5Cl)cc2
1268,1,C1=C(C(F)(F)F)C=CC(=C1)C(=N/OCCN)/CCCCOC.O=C(O)\C=C/C(=O)O
485,1,CCC#CC(C)C1(CC=C)C(=O)NC(=O)N(C)C1=O
1560,1,[C@]24(C[C@@H]([C@@H](N(C(CC1=CC(=C(Cl)C=C1)Cl)=O)C)CC2)N3CCCC3)CCCO4
1845,1,[C@]23([C@H]([C@H]1[C@]([C@](C(C)=O)(O)CC1)(C)C[C@@H]2O)C[C@H](C)C4=CC(=O)C=C[C@]34C)F
1995,1,O=C1N2C(CC1)CCC2=O
715,1,CN1CC[C@]23[C@H]4Oc5c(O)ccc(C[C@@H]1[C@@H]2C=CC4O)c35
1416,1,C(C1=CN=CC=C1)(=O)N
1644,1,[C@H]23C([C@@]1(OC(O[C@@H]1C2)(C)C)C(=O)CCl)(C[C@H](Cl)[C@@]4(Cl)C3C[C@H](F)C5=CC(=O)C=CC45C)C
476,1,[H+].[Cl-].CCN(CC)CCOC(=O)C(O)(c1ccccc1)c2ccccc2
1190,1,C1=C(Cl)C=CC2=C1C(=NCC(N2CC[S](CC)(=O)=O)=O)C3=CC=CC=C3F
292,1,COCCc1ccc(OCC(O)CNC(C)C)cc1
1240,1,C1=C(C(F)(F)F)C=CC3=C1N(C2=C(C=CC=C2)S3)C(CCN(CC)CC)=O
2022,1,[C@H](OC1=C(C=CC=C1)C)(C2=CC=CC=C2)CCNC
917,0,[Na+].C[C@@H](O)[C@@H]1[C@H]2SC(=C(N2C1=O)C([O-])=O)COC(N)=O
1247,1,C1=C(F)C=CC2=C1NC(=C3C(=N2)SC(=C3)C)N4CCN(CC4)C
22,1,C[C@H](N)Cc1ccccc1
574,1,Oc1ccc2C[C@H]3N(CC[C@@]45[C@@H](Oc1c24)C(=O)CC[C@@]35O)CC6CC6
1411,1,C1=CN=CC=C1C(NNCCC(NCC2=CC=CC=C2)=O)=O
1279,1,C1=NC(=NC(=C1CN(C(=C(SSCC2CCCO2)\CCO)/C)C=O)N)C
1800,1,C1=C(C)C=CC3=C1C2C(CCN(C2)C)N3
694,1,COc1cc(CCN)cc(OC)c1OC
553,1,CN(C)CCCN1c2ccccc2CCc3ccc(Cl)cc13
87,1,CN(CCC=C1c2ccccc2CCc2ccccc12)C
1280,1,O=C2C1=C(CNCC1)ON2
243,1,OC1(CCN(CCCC(=O)c2ccc(F)cc2)CC1)c3cccc(c3)C(F)(F)F
2001,1,C3=C(C2=C(N=C(N1CCN(C)CC1)N=C2)N)C(=C(C=C3Cl)Cl)Cl
1005,1,[C@H](N1C3=C(SC2=C1C=CC=C2)C=CC(=C3)C(=O)NCCC)(CN4CCCC4)C
1905,1,C1=CC=CC=C1C2(N(C(=O)NC2=O)C)CC
493,0,CN1CCN(CC1)c2c(F)cc3C(=O)C(=CN(CCF)c3c2F)C(O)=O
1412,1,C1=CC(=CC=C1N3CCN(CCC(NC(C2=CC=CN=C2)=O)C)CC3)F
569,0,c1c(nc2n1cccc2)CCN
1965,1,C3=C(C1(C(OCC)=O)CCN(CC1)CCCNC2=CC=CC=C2)C=CC=C3
646,1,c1(cc(nc(c1C)C)C(SC(CNc1c(cc[nH]1)[N+](=O)[O-])(C)C)(C)C)C
1450,1,CC1OC(C)OC(O1)C
1201,1,C1=CC=CC3=C1C4=C(C2=C(C=CC=C2)N3C)CCN(CC4)C
1848,1,[C@]34([C@H]([C@H]2[C@@]([C@@]1(C(=CC(C=C1)=O)CC2)C)(C(C3)O)F)CC([C@@]4(C(=O)CO)O)=C)C
1509,1,C1=CC(=CC=C1C(CCCN3CCC(N2CCCCC2)(CC3)C(CC)=O)=O)F
487,1,CC1CCCC1
232,0,[Br-].C[N+]12CCC(CC1)C(C2)OC(=O)C(O)(c3ccccc3)c4ccccc4
257,1,NC(=O)NO
1563,1,C1=CC=CC2=C1C4(C3=C(OC2)C=CC=C3)OC(CN(C)C)CO4
585,1,O=C1NC(=O)C(N1)(c2ccccc2)c3ccccc3
1612,1,C1=C(F)C=CC2=C1N4C(CN=C2C3=CC=CS3)CN(C)CC4
625,1,c1ccc2nc(c(c(C(N[C@@H](CC)c3ccccc3)=O)c2c1)O)c1ccccc1
108,0,CC1(C)S[C@@H]2[C@H](NC(=O)[C@H](N)c3ccccc3)C(=O)N2[C@H]1C(O)=O
1285,1,C1=C(F)C=CC2=C1C3=C([NH]2)CCN(C3)CCCC4=CN=CC=C4
1955,1,C1=C(C=CC3=C1N(CCCN2CCC(CC2)O)C4=C(S3)C=CC=C4)C#N
785,0,[Na+].COCC1=C(N2[C@H](SC1)[C@H](NC(=O)C(=N/OC)\c3csc(N)n3)C2=O)C([O-])=O
1325,1,C1=C(Cl)C=CC2=C1C3(N(CC(=O)N2C)C(C=C(O3)C)=O)C4=CC=CC=C4
2053,1,[N+](=NCC(=O)N[C@@H]([C@H](O)C1=CC=C([N+]([O-])=O)C=C1)CO)=[N-]
1031,1,C1=CC=CC(=C1C(OC2=CC=C(NC(C)=O)C=C2)=O)OC(C)=O
463,1,CCCCCC
1515,1,C2=C(C1=CC=NC=C1)OC3=C2C=CC=C3
979,1,[H+].C4=C3OCC(N(CCCCN1C(=O)CC2(CC1=O)CCCC2)CCC)CC3=C(OC)C=C4.[Cl-]
792,0,O.O.Nc1scc(n1)\C(=C\CC(O)=O)C(=O)N[C@H]2[C@H]3SCC=C(N3C2=O)C(O)=O
74,1,Cc1csc(n1)N=C(N)N
1481,1,[C@H]12C(C3=C(C[C@@H]1CCN(C2)C)[NH]C(=C3CC)C)=O
1106,1,[C@H]2(C1=CC(C=C[C@@]1(C4([C@@H](C2)[C@@H]3C[C@H]([C@H](C(COC(=O)C)=O)[C@@]3(C)C[C@@H]4O)C)Cl)C)=O)F
620,1,c1nc(C2CCN(CC2)C(NC2CCCCC2)=S)c[nH]1
147,0,COc1ccc2nc([nH]c2c1)[S](=O)Cc3ncc(C)c(OC)c3C
1334,1,[H+].C1=CC=CC2=C1N(C3=C(CC2)C=CC=C3)CCCN(CC(=O)C4=CC=C(Cl)C=C4)C.[Cl-]
1795,1,[C@]134[C@@H]([C@H](CC2=C1C=C(O)C=C2)N(C)CC3)CCCC4
1195,1,C1=CC=CC=C1CN(C2CC2)C(OCC)=O
583,1,CN1CCC23C4CCC(O)C2Oc5c(O)ccc(CC14)c35
102,0,CC(=O)Oc1ccccc1C(O)=O
1304,1,C(C(C(C)C)(C(N)=O)Br)C
309,0,CN1C(CCl)Nc2cc(Cl)c(cc2[S]1(=O)=O)[S](N)(=O)=O
468,1,c1cn(CCCCC)c(C)c(O)c1=O
1252,1,C1=CC(=CC=C1[S](CC)(=O)=O)F
1374,1,[C@@]125C3=C4C[C@H]([C@@H]1CCC([C@@]2(OC3=C(C=C4)O)C)=O)N(C)CC5
1715,1,[C@@]4([C@@]3([C@H]([C@H]2[C@]([C@@]1(C(=CC(=O)C=C1)CC2)C)(F)[C@H](C3)O)C[C@@H]4C)C)(C(COC(CC)=O)=O)OC(CC)=O
1831,1,C1=C(C(=N[N]1CCCN(C)C)C2=CC=CC=C2)C3=CC=CC=C3
1182,1,[C@@]123C4=C(C[C@H]([C@@]1(CC[C@H](C2)O)O)N(CC3)C)C=CC(=C4OC)OC
1676,1,C1=C(Cl)C=CC2=C1C(=CC3=C(S2)C=CC=C3)OCCN(C)C
1224,1,C3=C(C2C(COC1=CC=C(OC)C=C1)CN(C)CC2)C=CC=C3
795,0,CO/N=C(C(=O)N[C@H]1[C@@H]2N(C1=O)C(=C(COC(C)=O)C[S]2=O)C(O)=O)/c3csc(N)n3
1799,1,C1=CC=CC2=C1N(C(C3=C(N2C)C=CC=C3)=O)CCN(C)C
81,1,[O-][N+](C1=CC=NC1NCCSCc2ccccn2)=O
1418,1,C1=C([N+]([O-])=O)C=CC2=C1C(=NCC(=O)N2C)C3=CC=CC=C3
606,1,[H+].[Cl-].CN(C)CC\C=C/1c2ccccc2COc3ccccc13
822,0,OCCN(CCO)c1nc(N2CCCCC2)c3nc(nc(N4CCCCC4)c3n1)N(CCO)CCO
1750,1,[C@@H](CN2CCN(C1=CC=CC=CC1=O)CC2)(C3=CC(=C(OC)C=C3)OC)O
1276,1,C1=C(C(F)(F)F)C=CC3=C1N(C2=C(C=CC=C2)S3)C(CCN4CCN(C)CC4)=O
1144,1,C1=CC(=CC=C1C(C2=NCCN2)(C3=NC=CC=C3)O)Cl
1532,1,[C@H](C1=CC(=CC=C1)OC(N(CC)C)=O)(N(C)C)C
1839,1,[C@]14(C([C@H]3[C@H]([C@@H](O)C1)C2(C(=CC(=O)C=C2)[C@@H](F)C3)C)C[C@H]5OC(O[C@@]45C(=O)CO)(C)C)C.[C@]69(C([C@H]8[C@H]([C@@H](O)C6)C7(C(=CC(=O)C=C7)[C@@H](F)C8)C)C[C@H]%10OC(O[C@@]9%10C(=O)CO)(C)C)C.O
15,1,CCC(=O)C(CC(C)N(C)C)(c1ccccc1)c2ccccc2
697,1,Cc1ccccc1N2C(=Nc3ccccc3C2=O)C
1801,1,C2=C(C1[S](CCC(N1C)=O)(=O)=O)C=CC(=C2Cl)Cl
1333,1,[C@]3(N(C1=CC=CC=C1)C(=O)CC)(C(=O)OC)[C@H](CN(CCC2=CC=CC=C2)CC3)C
1670,1,C1=C(C=CC=C1N3C(N(CCN2CC(C)(C)C2)CC3)=O)Cl
455,1,CC(N)Cc1ccccc1
617,1,c1cc(CCNC)ncc1
1529,1,CC4CN(CCCn2c1ccccc1c3ccccc23)CC(C)N4
967,1,C1=CC(=CC=C1OCC(OCCNC23CC4CC(C2)CC(C3)C4)=O)Cl
1473,1,C3=C(C(N2CCN(CC1=CC=CC=C1)CC2)=O)N=CC=C3
337,1,C1NCCN(C1)c1ccc(c(n1)Cl)C(F)(F)F
1495,1,C(C(C3(C(CC4C2CCC1=CC(C=CC1(C)C2C(CC34C)O)=O)=C)O)=O)O
1083,1,C(C(OC(C(Cl)(Cl)Cl)O)C)C(C)(C)O
1732,1,C1=CC=CC=C1C(NNC(OCC)=O)C
1983,1,C(C1(C(C=CNC1=O)=O)CC)C
404,0,C[C@]12CC[C@H]3[C@@H](CCC4=CC(=O)CC[C@]34C)[C@@H]1CC[C@@H]2O
398,0,CN1[C@@H]2CC(C[C@H]1[C@@H]3O[C@H]23)OC(=O)[C@H](CO)c4ccccc4
499,1,CN(C)CCc1c[nH]c2ccc(O)cc12
1704,1,C3=C(C(N2CCN(CC1=CC=CC=C1)CC2)=O)OC4=C3C=CC=C4
895,0,CC(Oc1ccccc1)C(=O)NC2C3SC(C)(C)C(N3C2=O)C(O)=O
164,1,NC(=O)C1(CCN(CCCC(=O)c2ccc(F)cc2)CC1)N3CCCCC3
334,0,OC(=O)CCc1oc(c2ccccc2)c(n1)c3ccccc3
1091,1,[C@@]1([C@H](C2CCC1CC2)NC(C)C)(C3=CC(=C(C=C3)Cl)Cl)O
1283,1,C1=C(O)C=CC4=C1C3(C(C(N(CC2CC2)CC3)C4)(C)C)CC
1959,1,C1=C(C(C(C)(C)O)(C)O)C=CC(=C1)Cl
1324,1,[C@H]12N(CC[C@](C1C)(C3=C(C2=O)C=CC(=C3)O)C)CC4CC4
417,0,C[C@]12CCC(=O)C=C1CC[C@H]3[C@@H]4CC[C@H](C(=O)CO)[C@]4(C[C@H](O)[C@H]23)C=O
542,1,Cc1nnc2CN=C(c3ccccc3Cl)c4cc(Cl)ccc4n12
1570,1,C1=CC(=CC=C1N2[S](CCCC2)(=O)=O)[S](N)(=O)=O
1721,1,C1=CC(=CC=C1NCCC(N(C)C)=O)Br
237,0,OC[C@H]1O[C@H](C[C@@H]1O)N2C=C(F)C(=O)NC2=O
1045,1,C1=NC(=NC(=C1CN(C(=C(SSC(=C(\C)N(C=O)CC2=C(N)N=C(C)N=C2)/CCOC(=O)C3=CC=CC=C3)/CCOC(=O)C4=CC=CC=C4)\C)C=O)N)C
1448,1,C3=C(C(NC1C2CCN(C1)CC2)=O)C(=CC(=C3Cl)N)OCC4CC4
304,0,COc1ccc(CN(CCN(C)C)c2ccccn2)cc1
880,0,NC[C@H]1O[C@H](O[C@@H]2[C@@H](N)C[C@@H](N)[C@H](O)[C@H]2O)[C@H](N)[C@@H](O)[C@@H]1O
1323,1,[C@H]3(CCCC1=C2C(=NC=C1)C=CC(=C2)OC)[C@@H](CNCC3)C=C
578,1,C[S](O)(=O)=O.Oc1ccc2[nH]cc(CCCCN3CCC(=CC3)c4ccccc4)c2c1
1729,1,C(C1(C(NC(=O)NC1=O)=O)CC=C)C(C)C
1835,1,C1=CC(=CC=C1N3CCN(CC(O)COC2(CCCCC2)C#C)CC3)F
1282,1,C1=NC(=C(C2=C1[NH]C3=C2C(=CC=C3)OC4=CC=C(C=C4)Cl)COC)C(OC(C)C)=O
166,1,CC(=O)[C@H]1CC[C@H]2[C@@H]3CC[C@@H]4C[C@H](O)CC[C@]4(C)[C@H]3CC[C@]12C
851,0,CC1=CC(=O)Oc2cc(O)ccc12
959,1,CC(NC1=NN=C(S1)[S](N)(=O)=O)=O
1798,1,C1=CC(=C3C2=C1CC5C4C2(C(O3)C(C=C4)OC(C)=O)CCN5CC=C)OC(C)=O
1205,1,C1=CC=CC2=C1C(C3=C(N(C)C2=O)C=CC=C3)OCC
40,0,O=C(C)Nc1cc(c2csc(N=C(N)N)n2)ccc1
1517,1,C1=CC=CC3=C1C(=NC2=CC=CC=C2S3)N4CCN(CCOCCO)CC4
1245,1,[C@H]23[C@@]([C@@]1(C(=CC(=O)CC1)CC2)C)([C@H](C[C@]4([C@H]3CC[C@@]4(C(CO)=O)O)C)O)F
1371,1,C1=C(C)C=CC3=C1C(=NC2=C(C=CC=C2)S3)N4CCN(C)CC4
1938,1,[C@@H]4(C1=CC=CC2=C1OCC2)C3=CC(=C(Cl)C=C3CCN(C4)C)O.CC(=O)O
1924,1,C(C1=C(C)[NH]C3=C1C(C(CN2CCOCC2)CC3)=O)C
1963,1,C1=C(O)C=CC4=C1C35C(C(N(CCC2=CC=CC=C2)CC3)C4)CCCC5
39,1,IC1=C(N([H])[H])C=CC(C2=NC3=CC=C(O[H])C=C3S2)=C1
175,1,COc1cc(Cc2cnc(N)nc2N)cc(OC)c1OC
605,0,c1(ccc(c(c1)Cl)Cl)CC(N1[C@@H](C[N@@]2C[C@@H](CC2)O)C[N@](CC1)CCO)=O
12,1,CC1=CN([C@H]2C[C@H](F)[C@@H](CO)O2)C(=O)NC1=O
794,0,CO/N=C(C(=O)N[C@H]1[C@H]2SCC(=C(N2C1=O)C(O)=O)\C=C\SC3=NNC(=O)C(=O)N3CC=O)/c4csc(N)n4
1930,1,C1=CC=CC3=C1C(C2=CC=CC=C2)OCCN(C3)C
1434,1,C1=N[N]3C(=C1C(C2=NC=CC=C2)=O)N=CC=C3C4=CC=NC=C4
1260,1,C1=C(Cl)C=CC2=C1C3(N(CC(=O)N2CCO)CCO3)C4=CC=CC=C4F
1435,1,C(C(NN)C)CCCCC
1870,1,[C@@]4([C@@]3([C@H]([C@H]2[C@]([C@@]1(C(=CC(=O)C=C1)CC2)C)(Cl)[C@H](C3)O)C[C@H]4C)C)(C(COC(C)=O)=O)OC(CCC)=O
1877,1,[C@@]4(O)(C3(C(C2C(C1(C(=CC(=O)CC1)C=C2)C)C(O)C3)CC4=C)C)C(=O)CO
96,1,ClCC(F)(F)F
773,0,Cn1nnnc1SCC2=C(N3[C@H](SC2)[C@H](NC(=O)CS\C=C/C#N)C3=O)C(O)=O
1934,1,C1=CC(=CC=C1C(CCCN2CC3CCC(C2)CC3)=O)F
1994,1,C1=C(C(=C(C=C1C(\C=C\N2CC=CC2)=O)OC)OC)OC
184,0,CCN(CC)CCOC(=O)C1(CCCCC1)C2CCCCC2
2015,1,[C@]14([C@](OC(=O)CC)([C@@H](CC1C3[C@@](F)(C2(C(=CC(=O)C=C2)[C@@H](F)C3)C)[C@@H](O)C4)C)C(SC)=O)C
1254,1,[C@@H]1(C3=C([C@H](C2=C1C=CC=C2)C)C=CC(=C3)C(F)(F)F)CCCN(C)C
317,0,CC(C)(C)NC(=O)[C@@H]1C[C@@H]2CCCC[C@@H]2CN1C[C@@H](O)[C@H](Cc3ccccc3)NC(=O)[C@H](CC(N)=O)NC(=O)c4ccc5ccccc5n4
1286,1,C1=C(OC)C(=CC2=C1C(=NN=C(C2)C)C3=CC=CC(=C3)Cl)OC
962,1,[C@H]23OC1=C(OC(=O)C)C=CC6=C1C25C4(C[C@@H](C3(OC)C=C4)[C@](O)(CCC)C)C(N(CC5)C)C6
1915,1,C1=CC=CC2=C1N(CC3=C(C2)C=CC=C3)CCCNC
1386,1,[C@@H]23[C@H]([C@H]1[C@]([C@@H](C(C)=O)CC1)(C)C[C@H]2N(C)C)CC[C@@H]4[C@@]3(C[C@H](OCC)[C@H](C4)O)C
1122,1,[C@H]12C5CC4=C3[C@]1([C@H](C(C[C@@H]2CC)=O)OC3=C(C=C4)OC)CCN5CC6CC6
566,1,c1c(nccc1)CCN(C)C
1646,1,C3=C2N(CC1=CC=CC=C1)C(=O)\C(NNC2=CC=C3)=C(\N)N=O
1668,1,C1=CC(=CC=C1CNC(C(C)C)CCCCCC(O)=O)F
868,0,O.O.O.C[C@H](O)C1C2[C@@H](C)C(=C(N2C1=O)C(O)=O)S[C@@H]3CN[C@@H](C3)C(=O)N(C)C
37,0,CN(C)c1cc(C2=NC(N)=NN2)ccn1
183,0,OC1=C(CC2=C(O)Oc3ccccc3C2=O)C(=O)c4ccccc4O1
58,0,CNC(=NC#N)Nc1cccc(c1)c1csc(n1)N=C(N)N
1404,1,[C@@]125C3=C4C[C@H]([C@@]1(CCC([C@@H]2OC3=C(C=C4)O)=O)O)N(CC=C(C)C)CC5
665,1,CNC1(CCCCC1=O)c2ccccc2Cl
1742,1,[C@@H]36C2=C(C1=CC(=CC=C1[NH]2)Cl)CCN3C[C@H]5C[C@@H](OC(C4=CC(=C(C(=C4)OC)OC)OC)=O)[C@@H]([C@H]([C@H]5C6)C(OC)=O)OC
215,0,CC[C@H]1OC(=O)[C@H](C)[C@@H](O[C@H]2C[C@@](C)(OC)[C@@H](O)[C@H](C)O2)[C@H](C)[C@@H](O[C@@H]3O[C@H](C)C[C@@H]([C@H]3O)N(C)C)[C@](C)(O)C[C@@H](C)C(=O)[C@H](C)[C@@H](O)[C@]1(C)O
85,1,CCCN(CCc1c2c(ccc1)NC(=O)C2)CCC
1792,1,C1=CC(=C3C2=C1CC5C4C2(C(O3)CCC4)CCN5C)O
1914,1,C1=NC=C([N]1C(C2=CC=CC=C2)C)C(=O)OC
881,0,CCN[C@@H]1C[C@H](N)[C@@H](O[C@H]2OC(=CC[C@H]2N)CN)[C@H](O)[C@H]1O[C@H]3OC[C@](C)(O)[C@H](NC)[C@H]3O
534,1,C1C(Nc2c1c(ccc2)CCN(CCC)CCC)=O
296,1,Clc1ccc(cc1)C(=O)NCCN2CCOCC2
802,0,O.O.CC(=O)OCC1=C(N2[C@H](SC1)[C@H](NC(=O)[C@H](N)c3ccccc3)C2=O)C(O)=O
1181,1,C1=CC=CC=C1C2(C(CN(C2=O)CC)CCN3CCOCC3)C4=CC=CC=C4
1007,1,C1=C4C(=CC=C1OCCCCN3CCN(C2=CC=CC(=C2Cl)Cl)CC3)CCC(N4)=O
1585,1,CN(C)CCCN2c1ccccc1C(=Nc3cccnc23)c4ccccc4
652,1,c1(c(oc(c1C)C(N(C(C)(N)C)C(N)(C)C)(C)C)C)C.C[NH+]O.[OH-]
1703,1,[C@@]4([C@@]3([C@H]([C@H]2[C@]([C@@]1(C(=CC(=O)C=C1)CC2)C)(Cl)[C@H](C3)O)C[C@@H]4C)C)(C(COC(CC)=O)=O)OC(CC)=O
907,0,NCC1OC(OC2C(N)CC(NC(CO)CO)C(OC3OC(CO)C(O)C(N)C3O)C2O)C(N)C(O)C1O
1340,1,[C@H]23C1=NN=C([N]1C[C@H]2CCC3)CCN4CCN(CC4)C5=CC=CC(=C5)C(F)(F)F
1514,1,C1=CC=C(C2=C1[NH]C=C2CCN(C)C)O[P](O)(O)=O
746,0,NCC1OC(OC2C(N)CC(N)C(OC3OC(CO)C(O)C(N)C3O)C2O)C(N)C(O)C1O
1110,1,C1=C(C(=CC=C1C3(CCN(CCCC(C2=CC=C(F)C=C2)=O)CC3)O)Cl)C(F)(F)F
453,1,CN(C)CCC=C1c2ccccc2CCc3ccccc13
1162,1,C1=C(Cl)C=C(C(=C1C(NCCN(CC)CC)=O)OC)Cl
139,1,OCCN1CCN(CCCN2c3ccccc3Sc4ccc(Cl)cc24)CC1
367,1,NC1=C(F)C=NC(=O)N1
733,0,[Na+].CC1(C)SC2C(NC(=O)CSCC=C)C(=O)N2C1C([O-])=O
545,0,c1(CC(N2[C@H](CN(CC2)C(=O)C)C[N@]2CC[C@H](O)C2)=O)ccc([S@](=O)C)cc1
489,1,N1(c2c(Sc3c1cccc3)ccc(c2)Cl)CCCN
758,0,CC1=C(N2[C@H](SC1)[C@H](NC(=O)[C@H](N)c3ccccc3)C2=O)C(O)=O
1184,1,C1=C(C(F)(F)F)C=CC3=C1N(C2=C(C=CC=C2)S3)CCCN5CCC(C(C4=CC=C(F)C=C4)=O)CC5
686,1,c1c2CCOc2c(cc1OC)CN[C@@H]1CCCN[C@H]1c1ccccc1
2,1,C(=O)(OC(C)(C)C)CCCc1ccc(cc1)N(CCCl)CCCl
349,1,N[S](=O)(=O)Cc1noc2ccccc12
1737,1,C1=C(F)C=CC2=C1C3=C([NH]2)CCN(C3)CCC4=CC=NC=C4
105,0,CN1C(=O)N(C)c2nc[nH]c2C1=O.CN3C(=O)N(C)c4nc[nH]c4C3=O.NCCN
519,0,c1(CC(N2[C@H](CN(CC2)C(=O)C)C[N@]2CC[C@H](C2)O)=O)cc(cc(c1)F)F
2030,1,C1=CC=C2C(=C1)SC3=C(N2CC(C)CN(C)C)C=C(C=C3)C(F)(F)F
356,0,Nc1ccc(N=Nc2ccccc2)c(N)n1
915,0,CO[C@H]1\C=C\O[C@@]2(C)Oc3c(C)c(O)c4C(=C(NC(=O)C(=C/C=C/[C@H](C)[C@H](O)[C@@H](C)[C@@H](O)[C@@H](C)[C@H](OC(C)=O)[C@@H]1C)\C)C(=C/NN5CCN(CC5)C6CCCC6)\C(=O)c4c3C2=O)O
1392,1,C3=C(C2(C(N(CN1CCOCC1)C(C2)=O)=O)C)C=CC=C3
1082,1,[C@@H]2(OC1O[C@@H](O[C@@H]1[C@H]2O)C(Cl)(Cl)Cl)[C@H](O)CO
1050,1,CC(C(C(NC(N)=O)=O)Br)C
1735,1,C1=CC=CC=C1N(C3(CCN(CCC2=CC=CC=C2)CC3)C(OC)=O)C(CC)=O
1090,1,[C@H]23C([C@@]1(OC(O[C@@H]1C2)(C)C)C(=O)COC(=O)C)(CC(O)[C@@]4(F)C3CC(=C5C4(CCC(=C5)OCCCl)C)C#N)C
560,1,FC(F)(F)c1ccc2Sc3ccccc3N(CCCN4CCN(CC4)C5CC5)c2c1
1660,1,C(C(C=C)N)CC(O)=O
927,0,CC1(C)S[C@@H]2[C@H](NC(=O)C(c3ccccc3)[S](O)(=O)=O)C(=O)N2[C@H]1C(O)=O
1071,1,C1=CC=CC2=C1CN(CC(N)=O)C(O2)=O
743,0,CO[C@H]1[C@@H](O)[C@H](N)[C@@H](O[C@H]2O[C@@H](CC[C@H]2N)C(C)N)[C@H](O)[C@@H]1N(C)C(=O)CN
731,0,CNCC(O)c1ccc(O)c(O)c1
409,1,CN(C)C1=C(C)N(C)N(c2ccccc2)C1=O
131,0,CC1(C)S[C@@H]2[C@H](NC(=O)C(C(O)=O)c3ccccc3)C(=O)N2[C@H]1C(O)=O
1174,1,C2=C(C(C1=CC=CC=C1)(CC(NNC(C)=O)=O)O)C=CC=C2
1604,1,C1=C(Cl)C=CC3=C1N(C2=C(C=CC=C2)S3)CCCN4CCN(CCOC(C)=O)CC4
11,0,OCC(C)(O)c1onc(c2ncn3c2CN(C)C(c4c3cccc4Cl)=O)n1
446,0,COC(=O)[C@H]1[C@@H](O)CC[C@H]2CN3CCc4c([nH]c5ccccc45)[C@@H]3C[C@H]12
13,1,C(Cl)Cl
532,1,CN1C(=O)CC(=O)N(c2ccccc2)c3cc(Cl)ccc13
992,1,[C@H]4(CC3C2=C1C(=C[N](C1=CC=C2)C(C)C)CC3N(C4)C)C(NC5CCCCC5)=O
549,0,CN1C(=C(\O)Nc2cc(C)on2)/C(=O)c3ccccc3[S]1(=O)=O
46,1,ClC1=CC=C(C2=C1)SC3=C(N2CCCNC)C=CC=C3
128,0,CN1C2CCC1CC(C2)OC(=O)C(CO)c3ccccc3
1499,1,C1=CC(=CC=C1C(NC(C)C)=O)CNNC
506,1,NC(=O)N1c2ccccc2C=Cc3ccccc13
1263,1,[C@]4([C@@]3([C@H]([C@H]2[C@]([C@@]1(C(=CC(=O)C=C1)[C@H](C2)F)C)(F)[C@H](C3)O)C[C@H]4C)C)(OC(CC)=O)C(SCF)=O
890,0,CC(=O)O[C@H]1C(=O)[C@]2(C)[C@@H](O)C[C@H]3OC[C@@]3(OC(C)=O)C2[C@H](OC(=O)c4ccccc4)[C@]5(O)C[C@H](OC(=O)[C@H](O)[C@@H](NC(=O)c6ccccc6)c7ccccc7)C(=C1C5(C)C)C
2025,1,[C@@]45([C@@]3([C@H]([C@H]2[C@]([C@@]1(C(=CC(=O)C=C1)CC2)C)(F)[C@H](C3)O)C[C@H]4OC(O5)(C)C)C)C(CO)=O
655,0,CN1C(=C(\O)Nc2ccccn2)/C(=O)c3sccc3[S]1(=O)=O
1484,1,C1=CC=CC(=C1N2C(=NC3=C(C2=O)C=CC=C3)\C=C\C4=NC=CC=C4)C
18,1,CN1C2CCC1CC(C2)OC(=O)[C@H](CO)c3ccccc3
214,0,CNC[C@H](O)c1ccc(O)c(O)c1
1271,1,[C@]12(OC(O[C@@H]1CC3C2(CC(O)[C@@]4(F)C3CC(=C5C4(CCC(=C5)OCCCl)C)C=O)C)(C)C)C(=O)COC(=O)C
1225,1,C1=CC(=CC=C1C(CCCN3CCN(C(OC2CCCCC2)=O)CC3)=O)F
770,0,CC1=C(N2[C@H](SC1)[C@H](NC(=O)[C@H](N)c3ccc(O)c(Cl)c3)C2=O)C(O)=O
1917,1,C1=CC(=CC2=C1N(C(=O)N2)CCCN4CCC(C(C3=CC=C(F)C=C3)=O)CC4)Cl
32,1,C[C@H]1COc2c(N3CCN(C)CC3)c(F)cc4C(=O)C(=CN1c24)C(O)=O
556,1,Fc1ccc(cc1)C(CCCN2CCC(CC2)N3C(=O)Nc4cc(Cl)ccc34)c5ccc(F)cc5
711,1,CNCCCN1c2ccccc2Sc3ccccc13
91,1,[O-][N+](C1=CC=NC1NCCSCc2ncccc2Br)=O
1658,1,C1=CC(=CC=C1C(C2(CCCCC2)O)CN(C)C)OC
909,0,CO[C@H]1/C=C/O[C@@]2(C)Oc3c(C)c(O)c4C(=O)C(=C5NC6(CCN(CC6)CC(C)C)N=C5c4c3C2=O)NC(=O)C(=C\C=C\[C@H](C)[C@H](O)[C@@H](C)[C@@H](O)[C@@H](C)[C@H](OC(C)=O)[C@@H]1C)/C
397,0,OC(=O)c1ccccc1O
1444,1,CN(C)C(=O)COC2c1ccccc1CCc3ccccc23
1895,1,C1=C([N+](=O)[O-])C=CC2=C1C(=NCC(N2C)=O)C3=CCCCC3
1502,1,C2=C(\C(NCCCC(=O)N)=C/1C=C(F)C=CC1=O)C=CC(=C2)Cl
535,1,C1C(Nc2c1c(ccc2O)CCN(CCC)CCC)=O
1277,1,C1=C(C(F)(F)F)C=CC3=C1N(C2=C(C=CC=C2)S3)C(CCN4CCN(CCO)CC4)=O
550,1,Oc1ccc2C[C@@H]3[C@@H]4CCCC[C@]4(CCN3CC=C)c2c1
1219,1,C1=CC=CC2=C1C3=C(C(=O)N2CCCN(C)C)C=CC=C3
781,0,CO[C@]1(NC(=O)C2S\C(S2)=C(\C(N)=O)C(O)=O)[C@H]3SCC(=C(N3C1=O)C(O)=O)CSc4nnnn4C
328,0,CCOC(=O)C(C1=C(O)Oc2ccccc2C1=O)C3=C(O)Oc4ccccc4C3=O
756,0,N[C@@H](C(=O)N[C@H]1[C@H]2SCC(=C(N2C1=O)C(O)=O)Cl)c3ccccc3
393,1,Cc1nc(sc1)\[NH]=C(\N)N
1331,1,C1=CC=CC3=C1C(C2=C(C=CC=C2)C3(C)C)=CCCNC
1452,1,C1=CC=CC=C1CN(CC#C)C
1540,1,C1=C(C(=C(C=C1)Br)NC2=NCCN2)F
667,1,C1CN(CCC1)Cc1cccc(c1)OCCCNC(=O)C
508,1,C1N(CCN(C1)c1cc(ccn1)C(F)(F)F)CCCCN1C(CCC1)=O
1258,1,C1=C(C=CC=C1N2CCN(CCNC(N)=O)CC2)C(F)(F)F
204,0,CC[N+](C)(C)Cc1ccccc1Br.Cc2ccc(cc2)[S]([O-])(=O)=O
346,1,[Na+].[Na+].CC1(C)S[C@@H]2[C@H](NC(=O)[C@H](C([O-])=O)c3cscc3)C(=O)N2[C@H]1C([O-])=O
707,1,CN(C)N\N=C/1N=CN=C1C(N)=O
2009,1,C(C(C)C1(CC=C)C(=O)NC(NC1=O)=O)C
1874,1,C1=CC=CC3=C1C2=C(CCCCCC2)[N]3CCCN(C)C
908,0,CC1(C)S[C@@H]2[C@H](NC(=O)c3nc4ccccc4nc3C(O)=O)C(=O)N2[C@H]1C(O)=O
326,0,Clc1ccc(COC(Cn2ccnc2)c3ccc(Cl)cc3Cl)c(Cl)c1
873,0,CC1(C)S[C@@H]2[C@H](NC(=O)[C@H](NC(=O)N3CCN(C3=O)[S](C)(=O)=O)c4ccccc4)C(=O)N2[C@H]1C(O)=O
1500,1,C(C(C1CCCCC1)OC(N)=O)C
885,0,CN(C)[C@H]1[C@@H]2C[C@@H]3Cc4c(ccc(O)c4C(=C3C(=O)[C@]2(O)C(=O)\C(=C(N)/O)C1=O)O)[N+]([O-])=O
918,0,CC[C@@]1(O)C[C@H](O[C@H]2C[C@@H]([C@H](O[C@H]3C[C@@H]4O[C@H]5CC(=O)[C@H](C)O[C@H]5O[C@@H]4[C@H](C)O3)[C@H](C)O2)N(C)C)c6c(O)c7C(=O)c8c(O)cccc8C(=O)c7c(O)c6[C@H]1O[C@H]9C[C@@H]([C@H](O)[C@H](C)O9)N(C)C
1043,1,S1[C@H]4N(CC1(C2CN3[C@H](S2)CC3=O)O)C(C4)=O
1176,1,C1=C(N=C2[N]1C(=C(CC)C(=N2)OC)C)C(C3=CC=CC=C3)=O
442,0,OC(=O)COCCN1CCN(CC1)C(c2ccccc2)c3ccc(Cl)cc3
1526,1,C1=CC(=CC(=C1NC(OCC)=O)N)NCC2=CC=C(C=C2)F
1947,1,N(C(=O)C)C1=CC=C(O)C=C1
1378,1,[C@@H]23[C@@H](CC[C@@H]1C[C@H](CC(O1)=O)O)[C@H](C=CC2=CCC[C@@H]3OC([C@H](CC)C)=O)C
968,1,C1=NC(=NC=C1)N5CCN(CCNC(C23CC4CC(C2)CC(C3)C4)=O)CC5
2028,1,C1=C(NC(C(Cl)(Cl)Cl)=O)C=CC(=C1)O
318,1,FCOC(C(F)(F)F)C(F)(F)F
518,0,c1(ccc(cc1)SC)CC(N1[C@H](CN(CC1)C(=O)C)C[N@]1CC[C@H](C1)O)=O
1854,1,C1=C(Cl)C=CC2=C1C(=NCC(N2CC3CC3)=O)C4=CC=CC=C4F
1899,1,[C@H]12[C@@]([C@](C(CO)=O)(O)[C@H](C1)C)(CC(=O)[C@H]3[C@H]2CCC4=CC(=O)C=C[C@]34C)C
1822,1,C1=C(O)C=CC3=C1C2(CC(CN(CC2)C)C3)C
1997,1,C1=C(C(N)=O)N=N[N]1CC2=C(C=CC=C2F)F
647,1,n1c(csc1\[NH]=C(\N)N)c1ccccc1
378,0,CCCN(CCC)[S](=O)(=O)c1ccc(cc1)C(O)=O
767,0,COCC1=C(N2[C@H](SC1)[C@H](NC(=O)C(=N\O)/c3csc(N)n3)C2=O)C(O)=O
1731,1,C1=CC=CC3=C1C(C2=CC=CC=C2CC3)CC(CN(C)C)C
1587,1,[C@H]13[C@H]([C@H]2C[C@@H]1CC2)C(=O)N(C3=O)CCCCN4CCN(CC4)C5=NC=CC=N5.C(C(O)(C(=O)O)CC(=O)O)C(=O)O
1657,1,C1=CC=CC2=C1C(=C3C(=N2)CCCC3O)N
1422,1,[C@H]12C([C@@](O)(CC1)C#C)(CC[C@H]3C2CCC4=CC5=C(CC34C)C=N[N]5C6=CC=C(F)C=C6)C
1410,1,Fc5ccc4c(CCCN1CCC(CC1)n2c(=O)[nH]c3ccccc23)noc4c5
1865,1,[C@]34([C@H]([C@H]2[C@@H]([C@@]1(C(=CC(=O)CC1)CC2)C)[C@H](C3)O)CC[C@@]4(C(COC(C)=O)=O)O)C
1476,1,C2=C(C1=CC=CC=C1)N=C4C(=C2CCC3CCNCC3)C=CC=C4
1535,1,C3=C(C2CN1C(CCN=C1C2)=O)C=CC=C3
71,1,[Na+].CO\N=C(C(=O)N[C@@H]1[C@@H]2SCC(=C(N2C1=O)C([O-])=O)COC(C)=O)\c3csc(N)n3
496,1,c1(ccc(c(c1)Cl)Cl)CC(N1[C@H](CN(CC1)C(=O)OC)CN1CCCC1)=O
439,0,c1(ccc(c(c1)Cl)Cl)CC(N1[C@@H](c2c(CC1)[nH]cn2)CN1CCCC1)=O
999,1,C1=C(C=CC=C1N2C(C=CC=C2)=O)N
920,0,CC[C@H]1OC(=O)[C@H](C)[C@@H](O[C@H]2C[C@@](C)(OC)[C@@H](O)[C@H](C)O2)[C@H](C)[C@@H](O[C@@H]3O[C@H](C)C[C@@H]([C@H]3O)N(C)C)[C@](C)(O)C[C@@H](C)\C(=N\OCOCCOC)[C@H](C)[C@@H](O)[C@]1(C)O
985,1,C1=C(C(=CC(=C1[S](NC)(=O)=O)N)OC)C(NCC2N(CCC2)CC=C)=O
1075,1,[C@@H](C(C1=CC=CC=C1)=O)(C)N
1820,1,C1=CC=CC2=C1N(CC3=C(C2=C)C=CC=C3)CCCN(C)C
1552,1,C2=C(C1=C(C=CC(=C1)Cl)[N]2C3=CC=C(C=C3)F)C5CCN(CCN4C(NCC4)=O)CC5
1878,1,C1=CC=CC3=C1N(C2=C(C=CC=C2)S3)CC(N(CC)CC)C
1647,1,C2=C(C(N1CCCCCCC1)=O)C=C(OC)C(=C2OC)OC
936,0,CN1C(=O)N(C)c2ncn(CCNCC(O)c3ccc(O)c(O)c3)c2C1=O
1908,1,C1=C(SC)C=CC3=C1N(C2=C(C=CC=C2)S3)CC(CN(C)C)C
1760,1,C1=CC=CC(=C1)C(C(CN(C)C)O)C2=CC=C(C=C2)Cl
1233,1,C1=C(C=CC=C1NC(NC2=NC(=O)CN2C)=O)Cl
1209,1,C(C1(C(C(=CNC1=O)C)=O)CC)C
1757,1,C1=CC(=CC3=C1C(C2=CC=C(F)C=C2)(OC3)CCCN(C)C)C#N
937,0,CC1(C)SC2C(NC(=O)CSc3ccccc3)C(=O)N2C1C(O)=O
1636,1,C1=CC=CC2=C1CC(N(C)C)C(O2)C
630,0,c1cc2c(c(OCCNC(Cc3ncccc3)=O)c(c3ccccc3)nc2cc1)C(N[C@@H](CC)c1ccccc1)=O
1389,1,C2=C(C(C1=CC=CC=C1)[S](CC(N)=O)=O)C=CC=C2
525,1,NN1C=Nc2cc3ccccc3cc2C1=O
1961,1,[Cl].C1=CC=CC=C1CCNN
1617,1,C5=C2C1=C([NH]C=C1CC4C2=CC(CSC3=NC=CC=C3)CN4C)C=C5
634,1,CCC1(C)CC(=O)NC1=O
1812,1,C1=CC=CC2=C1C(C(N2CC(N)=O)=O)C3=CC=CC=C3
497,1,Brc1ccc2NC(=O)CN=C(c3ccccn3)c2c1
668,1,C1CN(CCC1)Cc1cccc(c1)OCCCNC(=O)c1ccccc1
1492,1,C(C(C4(C3(C(C2C(C1(C(=CC(=O)C=C1)CC2)C)C(C3)O)CC4)C)O)=O)OC(CN(CC)CC)=O
664,1,CN(C)CCCN1c2ccccc2CCc3ccccc13
195,1,CO[C@H]1[C@@H](C[C@@H]2CN3CCc4c([nH]c5cc(OC)ccc45)[C@H]3C[C@@H]2[C@@H]1C(=O)OC)OC(=O)\C=C\c6cc(OC)c(OC)c(OC)c6
448,1,CN(C)CCCN1c2ccccc2Sc3ccc(cc13)C(C)=O
478,1,CCOC(=O)c1ccc(N)cc1
998,1,C3=C(C(C1=CC=C(C=C1)F)CCCN2CCN(C(NCC)=O)CC2)C=CC(=C3)F
764,0,Cc1sc(SCC2=C(N3[C@H](SC2)[C@H](NC(=O)[C@H](O)c4ccccc4)C3=O)C(O)=O)nn1
1288,1,[C@H]23C(Cl)([C@@]1(C(=CC(=O)C=C1)[C@@H](F)C2)C)[C@@H](F)C[C@]4([C@H]3C[C@H]([C@@H]4C(=O)CO)C)C
1290,1,C1=CC(=CC=C1C3(CCN(CCCC(C2=CC=C(C=C2)F)=O)CC3)OC(CCCCCCCCC)=O)Cl
1518,1,[C@@]45(C1=C(C=CC(=C1)OC(N3CC2=CC=CC=C2CC3)=O)N([C@H]4N(C)CC5)C)C
1194,1,C3=C(N2CCN(CC(COC1=CC(=C(OC)C(=C1)OC)OC)O)CC2)C(=CC=C3)OC
95,1,CCN(CC)C(=O)Nc1ccc(OCC(O)CNC(C)(C)C)c(c1)C(C)=O
408,1,Cc1ncc2C(O)N=C(c3ccccc3F)c4cc(Cl)ccc4n12
691,1,NC1=NC(=O)c2ncn(COCCO)c2N1
1688,1,[C@@]4([C@@]3([C@H]([C@H]2[C@@H]([C@@]1(C(=CC(=O)CC1)[C@H](C2)C)C)[C@H](C3)O)CC4)C)(C(COC(C)=O)=O)OC(CCC)=O
269,0,NCCc1cn2c(n1)cccc2
336,1,Cc1ccnc2N(C3CC3)c4ncccc4C(=O)Nc12
629,0,c1ccc2c(c(C(N[C@@H](CC)c3ccccc3)=O)c(OCCNC(Cc3c(cccc3)C(=O)O)=O)c(c3ccccc3)n2)c1
1814,1,C1=C(Cl)C=CC2=C1C(=NC(O)C(N2CCO)=O)C3=CC=CC=C3F
1765,1,C1=C(Cl)C=CC3=C1C(C2=C(C=CC=C2)N3)CCCN(C)C
1988,1,[C@H](C1=CC=CC=C1)([C@@H]2CNCCO2)OC3=CC=CC=C3OCC
1337,1,C1=CC(=CC4=C1N2C(=NC(/C2=O)=C\N3CCN(C)CC3)CN=C4C5=C(C=CC=C5)Cl)[N+](=O)[O-]
1078,1,[C@@H](/C=C/C1=C(N=C(C(=C1C2=CC=C(C=C2)F)COC)C(C)C)C(C)C)(C[C@H](CC(O)=O)O)O
315,1,Cc1ncc2CN=C(c3ccccc3F)c4cc(Cl)ccc4n12
906,0,CCC(Oc1ccccc1)C(=O)NC2C3SC(C)(C)C(N3C2=O)C(O)=O
345,1,CC/C(c1ccccc1)=C(c2ccccc2)/c3ccc(OCCN(C)C)cc3
157,0,CC(C)(Oc1ccc(Cl)cc1)C(O)=O
1127,1,[C@H]26[C@H]1[C@@]([C@](C(COC(C)=O)=O)(O)[C@@H](C1)C)(C[C@@H]([C@@H]2[C@@]3(C(=CC4=C(C3)C=N[N]4C5=CC=CC=C5)C(=C6)C)C)O)C
10,1,NC(N)=NC(=O)c1nc(Cl)c(N)nc1N
203,0,[Cl-].CC(C[N+](C)(C)C)OC(N)=O
2008,1,C5=C2C1=C(CCC4=C(C1CN3CCCCC23)C=CC=C4)C=C5
163,1,OCCN1CCN(CC\C=C/2c3ccccc3COc4ccc(Cl)cc24)CC1
1673,1,C4=C(C3=C(CCN2CCN(C1=C(C=CC=C1)OC)CC2)OC(N3)=O)C=CC(=C4)F
1117,1,C1=C(Cl)C=CC4=C1C(N2CCN(C)CC2)CC3=C(C=CC=C3)S4
1901,1,C1=CC=CC(=C1)C(=O)C(C)N(C)C
672,1,C1CN(CCC1)Cc1cccc(c1)OCCCNc1nc2c(o1)cccc2
1446,1,C1=NC(=C3[N]1C2=C(C=CC=C2)N(C3=O)C(C)C)C4=NOC(=N4)C5CC5
279,0,NNC(=O)c1ccncc1
390,1,CCC(C)(C)C
533,1,CN1Cc2n(cnc2C(=O)OC(C)(C)C)c3ccsc3C1=O
365,1,C[C@@H]1CC2=C(CCC(=O)C2)[C@H]3CC[C@@]4(C)[C@@H](CC[C@@]4(O)C#C)[C@H]13
1907,1,C1=CC=CC=C1/C=C/C2C(NC(O2)(C)C)=O
1691,1,[C@@H](O)([C@@H](O)C(=O)O)C(=O)O.[C@@H](N)(CC1=CC=C(N(C)C)C=C1C)C
1293,1,C2=C(C(C1=CC=CC=C1)(C(CCCCC)N)O)C=CC=C2
1550,1,[C@@H](CC1=CC=CC=C1)(N(CC#C)C)C
33,1,c1ccc(C(NCCCOc2cc(CN3CCCCC3)ccc2)=O)cc1
1565,1,C1=C2C(=CC=C1\C=C\C(C(C)(C)C)O)OCO2
72,1,C1=CC=C2C(=C1)C3C(O3)C4=CC=CC=C4N2C(=O)N
1671,1,C1=CC=CC2=C1C(=NS2)N5CCN(CCC4=CC3=C(NC(C3)=O)C=C4Cl)CC5
129,0,[Cl-].CN(C)[C@H]1[C@@H]2C[C@H]3C(=C(O)c4c(O)ccc(Cl)c4[C@@]3(C)O)C(=O)[C@]2(O)C(=O)\C(=C(N)/O)C1=O.[H+]
681,1,CC(C)N1CCC(CC1)N(C(=O)Cc2ccccc2)c3ccc(Cl)cc3
1753,1,C1=CC=CC=C1C4(C3CCN(C\C=C\C2=CC=CC=C2)CC3)C(NC(=O)CC4)=O
614,1,CCC(O)(\C=C\Cl)C#C
604,1,c1(ccc(c(c1)Cl)Cl)CC(N1[C@H](CN2CCCC2)c2n(CC1)ncn2)=O
639,1,COc1cc2CCN(C)C3CC4(C=CC(=O)C=C4)c(c1O)c23
759,0,CC(=O)OCC1=C(N2[C@H](SC1)[C@H](NC(=O)Cc3ccccc3)C2=O)C(O)=O
388,1,C(CCl)(F)(F)F
369,1,ClCCN(N=O)C(=O)NC1CCCCC1
1667,1,C1=C(C(=C(C=C1)C)NC2=NCCCS2)C
1847,1,[C@H]23[C@@]([C@@]1(C(=CC(=O)C=C1)CC2)C)([C@H](C[C@]4([C@H]3CC[C@@]4(C([C@@H](OC(C)=O)C)=O)O)C)O)F
1697,1,[N]12C(=CC=C1)C4N(C3=C(C2)C=CC=C3)CCN(C4)C.O=C(O)\C=C/C(=O)O
245,1,CN1CCN(CCCN2c3ccccc3Sc4ccc(cc24)C(F)(F)F)CC1
70,0,OC(C)(C)c1onc(c2ncn3c2CN(C)C(c4c3cccc4Cl)=O)n1
479,1,CCN(CC)C(=O)C1CN2CCc3cc(OC)c(OC)cc3C2CC1OC(C)=O
428,0,N[S](=O)(=O)c1cc2c(NC(N[S]2(=O)=O)C(Cl)Cl)cc1Cl
1740,1,ClC(CCC)O
1168,1,C1=CC=CC3=C1N(C2=C(C=CC=C2)S3)CC4(CN(C)CC4)C
954,1,C(C(C(NC(NC(C)=O)=O)=O)(CC)Br)C
987,1,[C@H]23C([C@@]1(OC(O[C@@H]1C2)(CC)CC)C(=O)CO)(C[C@H](O)[C@@]4(F)C3CCC5=CC(=O)C=CC45C)C
680,1,OC1N=C(c2ccccc2Cl)c3cc(Cl)ccc3NC1=O
227,1,C[S](=O)(=O)OCCCCO[S](C)(=O)=O
601,1,c1(ccc(c(c1)Cl)Cl)CC(N1[C@H](CN2CCCC2)c2n(CC1)ccn2)=O
877,0,CCCCCC1CNC(C1)C(=O)NC(C(C)Cl)C2OC(SC)C(O)C(O)C2O
1607,1,[C@@H]3(CN(CCC=C(C1=C(C=CS1)C)C2=C(C=CS2)C)CCC3)C(O)=O
1873,1,CN(C)CC#CC=C2c1ccccc1C=Cc3ccccc23
579,1,CO[C@H]1[C@@H](C[C@@H]2CN3CCc4c([nH]c5ccccc45)[C@H]3C[C@@H]2[C@@H]1C(=O)OC)OC(=O)c6cc(OC)c(OC)c(OC)c6
910,0,CCN(CC)C(C)=NN=Cc1c(O)c2c3C(=O)C4(C)OC=CC(OC)C(C)C(OC(C)=O)C(C)C(O)C(C)C(O)C(C)C=CC=C(C)C(=O)Nc1c(O)c2c(O)c(C)c3O4
521,0,c1(CC(N2[C@H](CN(CC2)C(=O)C)C[N@]2CC[C@H](O)C2)=O)ccc(N(=O)=O)cc1
1055,1,[C@@H](CC[N]2C1=C(C(N=C(N1)N)=O)N=C2)(CO)O
1466,1,C1=CC=CC=C1C(C(NC(N)=O)=O)CC
782,0,CN(C)CCn1nnnc1SCC2=C(N3[C@H](SC2)[C@H](NC(=O)Cc4csc(N)n4)C3=O)C(O)=O
526,1,OC(O)C(Cl)(Cl)Cl
853,0,O.C[C@H](O)[C@@H]1[C@H]2CC(=C(N2C1=O)C(O)=O)SCCN=CN
2040,1,C(C1(C(NC(=O)NC1=O)=O)C(=C/CC)/C)C
969,1,C1=CC(=CC=C1CC(OC(C(C)N)=O)(C)C)Cl
1640,1,BrCC(O)(Br)Br
1527,1,C3(NC(N1C2=C(C(C)(C)C1)C=CC=C2)=O)C[C@@H]4N(C)[C@H](C3)CC4
541,1,Cc1ccccc1
1937,1,C3=C(N(C2CCN(CCC1=CC=CC=C1)CC2)C(COC)=O)C(=CC=C3)F
1590,1,C(SC1=NSN=C1C2=CCCN(C2)C)CCCCC
1521,1,[C@@H]1(C2=C(CC1)C=CC=C2)NCC#C
194,1,Fc1ccccc1C2=NCC(=S)N(CC(F)(F)F)c3ccc(Cl)cc23
1346,1,C1=CC(=CC2=C1C(=NCC(N2C)CNC(C3=COC=C3)=O)C4=CC=CC=C4)F
1368,1,C5=C3C1=C(OC4C12C(C(N(CC2)C)C3)CC=C4C)C(=C5)O
1700,1,C2=C(OCC1=NN=C(S1)C(C)C)C=CC3=C2OC(=O)C(=C3C)C
323,1,Nc1ccc(cc1)[S](=O)(=O)Nc2ncccn2
696,1,CN[C@@H](C)Cc1ccccc1
1622,1,C1=CC=CC=C1CC(C)NCCC3C2=C(C=CC=C2)SC4=C3C=CC=C4
1187,1,C2=C(N1N=C(C)CC1=O)C=CC=C2
1243,1,C1=C(C(=CC=C1[S](N)(=O)=O)OC)C(NCC3N(CC2=CC=C(F)C=C2)CCC3)=O
458,1,CCOC(=O)c1ncn2c1CN(C)C(=O)c3cc(F)ccc23
787,0,CC1=C(N2[C@H](SC1)[C@H](NC(=O)Cc3ccc(cc3)C4=NCCCN4)C2=O)C(O)=O
308,0,CN(Cc1cnc2nc(N)nc(N)c2n1)c3ccc(cc3)C(=O)N[C@@H](CCC(O)=O)C(O)=O
996,1,C1=CC=CC2=C1C(C3=C(CC2)C=CC=C3)=CCC[N+](C)(C)[O-]
254,0,COC1=CC=C2C(=CC1=O)[C@H](CCc3cc(OC)c(OC)c(OC)c23)NC(C)=O
513,1,c1(ccc(c(c1)Cl)Cl)CC(N1[C@H](CN(CC1)C(=O)OCC)CN1CCCC1)=O
342,1,c1c2c(cc(c1)Cl)[C@@H]1[C@H](c3ccccc3O2)CN(C1)C
597,1,c1ccc2N([C@H](CN3CCCC3)C)c3c(ccc(C(=O)NCCC)c3)Sc2c1
760,0,Cc1sc(SCC2=C(N3[C@H](SC2)[C@H](NC(=O)C(N)c4ccc(O)cc4)C3=O)C(O)=O)nn1
1748,1,C4=C2C1=C(CCC3=C(N1CCC2NC)C=CC=C3)C=C4
1537,1,C3=C(C2C(NC(=O)C1NC(CC1)=O)C2)C=CC=C3
1028,1,[C@@H]2(CN(C1=CC=C(C=C1)OCC[C@H](C(F)(F)F)O)C(O2)=O)COC
1300,1,[C@@]4(OC(=O)CCCC)(C3(C(C2C(C1(C(=CC(=O)CC1)CC2)C)C(O)C3)CC4)C)C(=O)CO
477,1,Fc1ccc(cc1)C(=O)CCCN2CCC(CC2)N3C(=O)Nc4ccccc34
295,1,C1[C@@H]2[C@](C(=C3C(c4c(ccc(c4C[C@@H]13)N(C)C)O)=O)O)(C(C(C(N)=O)=C([C@H]2N(C)C)O)=O)O
1672,1,C1=CC=CC(=C1C2=NCC(N(C3=C2C(=N[N]3C)C)C)=O)F
529,1,CN(C)CC\C=C/1c2ccccc2Sc3ccc(Cl)cc13
631,0,c1cc2c(c(c(c3ccccc3)nc2cc1)OCCNC([C@@H]1CCCN1)=O)C(=O)N[C@@H](CC)c1ccccc1
236,0,CC(Cc1ccc(O)cc1)NCC(O)c2cc(O)cc(O)c2
1454,1,C1=CC=CC2=C1C(N(C2=O)C3=NC4=C(C=C3)C=CC(=N4)Cl)CC(=O)N6CCC5(OCCO5)CC6
1417,1,C1=CC=NC=C1C(N(CC)CC)=O
1048,1,[C@@]23(C([C@H](N(CC1(CC1)O)CC2)CC4=C3C=C(C=C4)O)(C)C)CC
1811,1,C1=C(C(=CC=C1Cl)N(C(CNCC(C)=C)=O)C)C(C2=CC=CC=C2)=O
1818,1,C1=C(C(=CC=C1Cl)N(C(CN(CCO)CCO)=O)C)C(C2=C(C=CC=C2)Cl)=O
1508,1,C1=CC=C(C(=C1C(C)C)O)C(C)C
1429,1,C1=C(Cl)C=CC2=C1C(=NCC(=O)N2)C3=CCCCC3
1310,1,C2=C(N1C(N(CCN(C)C)CC1)=O)C=CC=C2Cl
765,0,CC(N)C(=O)OC(C(=O)NC1C2SCC(=C(N2C1=O)C(=O)OCC3=C(C)OC(=O)O3)CSc4sc(C)nn4)c5ccccc5
1274,1,[C@@H]1([P](O)(O)=O)[C@H](C)O1
1726,1,C1=CC=CC=C1C3(C2=CC=CC=C2)CCN(C(C)(C)C)CC3
1909,1,C2=C(C1(C(N(C)C(C1)=O)=O)C)C=CC=C2
1659,1,C1=C([S](N)(=O)=O)C=C(C(=C1C(NCC2N(CCC2)CC=C)=O)OC)OC
1375,1,C5=C4C3=C(C2N(CC1CC(OC)C(C(C1C2)C(OC)=O)OC)CC3)[NH]C4=CC(=C5)OC
1403,1,[C@@]126C3=C4C[C@H]([C@@]1(CCC([C@@H]2OC3=C(C=C4)O)=C)O)N(CC5CC5)CC6
205,0,CC(C)C[C@@H]1N2C(=O)[C@](NC(=O)[C@H]3CN(C)[C@@H]4Cc5c(Br)[nH]c6cccc(C4=C3)c56)(O[C@@]2(O)[C@@H]7CCCN7C1=O)C(C)C
1431,1,C1=CC=CC2=C1C(C3=C(CC2)C=CC=C3)=NOCCN(C)C
1278,1,C1=C(Cl)C=CC3=C1N(C2=C(C=CC=C2)S3)CCCN5CCC(C4C(OCC4)=O)(O)CC5
838,0,CC[C@H]1OC(=O)[C@H](C)[C@@H](O[C@H]2C[C@@](C)(OC)[C@@H](O)[C@H](C)O2)[C@H](C)[C@@H](O[C@@H]3O[C@H](C)C[C@@H]([C@H]3O)N(C)C)[C@](C)(O)C[C@](C)(F)C(=O)[C@H](C)[C@@H](O)[C@]1(C)O
65,1,CCC(NC(=O)c1c(c(nc2c1cccc2)c1ccccc1)C)c1ccccc1
621,1,c1ccc2Oc3c(cc(cc3)Cl)[C@@H]3[C@@H](c2c1)C[N@](CC3)C
1180,1,C4=C(CCNC(C12CC3CC(C1)CC(C2)C3)=O)C=CC(=C4O)O
1574,1,C4=C(N2C(C1=C(SCCS1)C2=O)OC(N3CCN(C(CC)=O)CC3)=O)N=C5C(=C4)C=CC(=N5)Cl
1137,1,C1=NC(=NC(=C1CN(C(/C)=C2\CCOC(=O)S2)C=O)N)C
1824,1,C1=CC=CC=C1C2C(N(CC)C(N2)=O)=O
1266,1,C1=CC(=CC2=C1[N](C4=C2CN(CCCC(C3=CC=C(C=C3)F)O)CC4)C5=CC=C(F)C=C5)F
1844,1,[C@H]24[C@H]1[C@@]([C@@H](C(CO)=O)[C@@H](C1)C)(C[C@@H]([C@@H]2[C@@]3(C(=CC(=O)C=C3)[C@H](C4)F)C)O)C
951,1,[H+].C1=NC3=C([N]1CCNC(CC2=CC=CC=C2)C)C(=O)N(C(=O)N3C)C.[Cl-]
395,1,S=C(NC1CCCCC1)N2CCC(CC2)c3[nH]cnc3
1810,1,C1=CC=CC3=C1N(C2=C(C=CC=C2)C3(C)C)CCCN(C)C
1284,1,[H+].C1=CC=NC(=N1)N2CCN(CC2)CCCCN3C(=O)CC(CC3=O)(C)C.[Cl-]
1611,1,[H+].C2=C(C1(C(N(C)C)C=CCC1)C(OCC)=O)C=CC=C2.[Cl-]
26,0,CCNC(=NC#N)NCCSCc1c(cccn1)Br
955,1,C2=C(CN(C(=C(SC(=O)C1=CC=CO1)\CCOC(=O)COC(=O)C)/C)C=O)C(=NC(=N2)C)N
1931,1,[C@H]2(NC(=O)C1=C(OC)C=C(NC)C(=C1)Cl)[C@H](N(CC2)CC3=CC=CC=C3)C
524,1,CCCCNc1c(cnc2n(CC)ncc12)C(=O)OCC
1437,1,[C@H]2([C@H](CN(CC(C1=CC=C(F)C=C1)=O)CC2)COC4=CC3=C(OCO3)C=C4)C5=CC=C(F)C=C5
1813,1,[H+].C3=C2\C(C1=CC=CC=C1SCC2=CC=C3)=C\CCN(C)C.[Cl-]
1237,1,C1=C4C(=CC(=C1)CN3CCN(C(COC2=CC=C(Cl)C=C2)=O)CC3)OCO4
1921,1,C1=NC=CN=C1N(C3CCN(CCC2=CC=CC=C2)CC3)C(C4=CC=CO4)=O
134,0,[Na+].Cc1sc(SCC2=C(N3[C@H](SC2)[C@H](NC(=O)Cn4cnnn4)C3=O)C([O-])=O)nn1
1713,1,[C@@]4([C@@]3([C@H]([C@H]2[C@]([C@@]1(C(=CC(=O)C=C1)CC2)C)(F)[C@H](C3)O)C[C@@H]4C)C)(C(COC(C)=O)=O)OC(C(C)C)=O
90,1,OC12c3c(Oc4c(C)cccc4C2CNCC1)cccc3
1666,1,[C@]135[C@H]([C@H](N(CC1)CC2CCC2)CC4=C3C=C(O)C=C4)[C@H](CC(C5)=C)C
